ego2exo_val_f1,ego2exo_val_map10,epoch,exo2ego_val_f1,exo2ego_val_map10,regular_f1,regular_map10,step,train_loss_epoch,train_loss_step,train_score,train_tau,val_score,val_tau
,,90,,,,,2703,,0.08212047815322876,,,,
,,90,,,,,2707,,0.08299143612384796,,,,
,,90,,,,,2711,,0.0883110985159874,,,,
,,90,,,,,2715,,0.06987441331148148,,,,
,,90,,,,,2719,,0.08494439721107483,,,,
,,90,,,,,2723,,0.07745619118213654,,,,
,,90,,,,,2727,,0.07365366816520691,,,,
,,90,,,,,2729,0.08061205595731735,,,,,
,,91,,,,,2731,,0.08064751327037811,,,,
,,91,,,,,2735,,0.07779818773269653,,,,
,,91,,,,,2739,,0.08276431262493134,,,,
,,91,,,,,2743,,0.0806104764342308,,,,
,,91,,,,,2747,,0.0718468427658081,,,,
,,91,,,,,2751,,0.07642638683319092,,,,
,,91,,,,,2755,,0.08554604649543762,,,,
,,91,,,,,2759,,0.07223399728536606,,,,
,,91,,,,,2759,0.0800892785191536,,,,,
,,92,,,,,2763,,0.08198343217372894,,,,
,,92,,,,,2767,,0.08136092871427536,,,,
,,92,,,,,2771,,0.08314739912748337,,,,
,,92,,,,,2775,,0.07484548538923264,,,,
,,92,,,,,2779,,0.06780180335044861,,,,
,,92,,,,,2783,,0.08676572144031525,,,,
,,92,,,,,2787,,0.08314111083745956,,,,
,,92,,,,,2789,0.07991243898868561,,,,,
,,93,,,,,2791,,0.08233305811882019,,,,
,,93,,,,,2795,,0.0794394239783287,,,,
,,93,,,,,2799,,0.07463270425796509,,,,
,,93,,,,,2803,,0.07688277214765549,,,,
,,93,,,,,2807,,0.08098839968442917,,,,
,,93,,,,,2811,,0.07977048307657242,,,,
,,93,,,,,2815,,0.07630793750286102,,,,
,,93,,,,,2819,,0.07092908024787903,,,,
,,93,,,,,2819,0.0795409306883812,,,,,
,,94,,,,,2823,,0.07870517671108246,,,,
,,94,,,,,2827,,0.07435233891010284,,,,
,,94,,,,,2831,,0.08890148997306824,,,,
,,94,,,,,2835,,0.08816178143024445,,,,
,,94,,,,,2839,,0.0846724659204483,,,,
,,94,,,,,2843,,0.08543126285076141,,,,
,,94,,,,,2847,,0.07866047322750092,,,,
,,94,,,,,2849,0.0798100158572197,,,,,
,,95,,,,,2851,,0.08045163750648499,,,,
,,95,,,,,2855,,0.08375226706266403,,,,
,,95,,,,,2859,,0.08100669831037521,,,,
,,95,,,,,2863,,0.08071036636829376,,,,
,,95,,,,,2867,,0.08858754485845566,,,,
,,95,,,,,2871,,0.08482599258422852,,,,
,,95,,,,,2875,,0.07654117047786713,,,,
,,95,,,,,2879,,0.07560398429632187,,,,
,,95,,,,,2879,0.07913274317979813,,,,,
,,96,,,,,2883,,0.08633163571357727,,,,
,,96,,,,,2887,,0.08260570466518402,,,,
,,96,,,,,2891,,0.08075504750013351,,,,
,,96,,,,,2895,,0.07660296559333801,,,,
,,96,,,,,2899,,0.06882160902023315,,,,
,,96,,,,,2903,,0.0858345553278923,,,,
,,96,,,,,2907,,0.07447174936532974,,,,
,,96,,,,,2909,0.07795412838459015,,,,,
,,97,,,,,2911,,0.06901112198829651,,,,
,,97,,,,,2915,,0.07575031369924545,,,,
,,97,,,,,2919,,0.07949632406234741,,,,
,,97,,,,,2923,,0.0777352973818779,,,,
,,97,,,,,2927,,0.07582496106624603,,,,
,,97,,,,,2931,,0.0711924135684967,,,,
,,97,,,,,2935,,0.07955866307020187,,,,
,,97,,,,,2939,,0.07719607651233673,,,,
,,97,,,,,2939,0.0772000253200531,,,,,
,,98,,,,,2943,,0.06963082402944565,,,,
,,98,,,,,2947,,0.07274992763996124,,,,
,,98,,,,,2951,,0.07098718732595444,,,,
,,98,,,,,2955,,0.0695255845785141,,,,
,,98,,,,,2959,,0.07428138703107834,,,,
,,98,,,,,2963,,0.0742563009262085,,,,
,,98,,,,,2967,,0.08318305760622025,,,,
,,98,,,,,2969,0.07499179244041443,,,,,
,,99,,,,,2971,,0.07092791795730591,,,,
,,99,,,,,2975,,0.07942850142717361,,,,
,,99,,,,,2979,,0.07052910327911377,,,,
,,99,,,,,2983,,0.07233744859695435,,,,
,,99,,,,,2987,,0.0745839923620224,,,,
,,99,,,,,2991,,0.07779528200626373,,,,
,,99,,,,,2995,,0.0728253498673439,,,,
,,99,,,,,2999,,0.07843439280986786,,,,
0.6994186639785767,0.7557333111763,99,0.70746910572052,0.7117807269096375,0.7107899188995361,0.6523143649101257,2999,,,0.9720564484596252,0.9915503263473511,0.7549730539321899,0.9915494918823242
,,99,,,,,2999,0.07534536719322205,,,,,
,,100,,,,,3003,,0.07011949270963669,,,,
,,100,,,,,3007,,0.06990160793066025,,,,
,,100,,,,,3011,,0.0757010281085968,,,,
,,100,,,,,3015,,0.08882199227809906,,,,
,,100,,,,,3019,,0.06962116062641144,,,,
,,100,,,,,3023,,0.06898181140422821,,,,
,,100,,,,,3027,,0.06868487596511841,,,,
,,100,,,,,3029,0.0747743472456932,,,,,
,,101,,,,,3031,,0.07621654123067856,,,,
,,101,,,,,3035,,0.07667368650436401,,,,
,,101,,,,,3039,,0.07822947949171066,,,,
,,101,,,,,3043,,0.06628604233264923,,,,
,,101,,,,,3047,,0.07834310829639435,,,,
,,101,,,,,3051,,0.08143574744462967,,,,
,,101,,,,,3055,,0.06973141431808472,,,,
,,101,,,,,3059,,0.07834675908088684,,,,
,,101,,,,,3059,0.07705771923065186,,,,,
,,102,,,,,3063,,0.08208863437175751,,,,
,,102,,,,,3067,,0.07382987439632416,,,,
,,102,,,,,3071,,0.0720294862985611,,,,
,,102,,,,,3075,,0.07192490249872208,,,,
,,102,,,,,3079,,0.0781337171792984,,,,
,,102,,,,,3083,,0.07142189145088196,,,,
,,102,,,,,3087,,0.0763862282037735,,,,
,,102,,,,,3089,0.07564790546894073,,,,,
,,103,,,,,3091,,0.07462095469236374,,,,
,,103,,,,,3095,,0.07791532576084137,,,,
,,103,,,,,3099,,0.0705152079463005,,,,
,,103,,,,,3103,,0.07682931423187256,,,,
,,103,,,,,3107,,0.07624566555023193,,,,
,,103,,,,,3111,,0.07786616683006287,,,,
,,103,,,,,3115,,0.07081442326307297,,,,
,,103,,,,,3119,,0.08289788663387299,,,,
,,103,,,,,3119,0.07577762752771378,,,,,
,,104,,,,,3123,,0.08241240680217743,,,,
,,104,,,,,3127,,0.07376512140035629,,,,
,,104,,,,,3131,,0.06998499482870102,,,,
,,104,,,,,3135,,0.07584872096776962,,,,
,,104,,,,,3139,,0.07690546661615372,,,,
,,104,,,,,3143,,0.07015123963356018,,,,
,,104,,,,,3147,,0.07802362740039825,,,,
,,104,,,,,3149,0.07434011250734329,,,,,
,,105,,,,,3151,,0.0863301083445549,,,,
,,105,,,,,3155,,0.0688847005367279,,,,
,,105,,,,,3159,,0.07706719636917114,,,,
,,105,,,,,3163,,0.08471930027008057,,,,
,,105,,,,,3167,,0.07530093193054199,,,,
,,105,,,,,3171,,0.06300446391105652,,,,
,,105,,,,,3175,,0.06946945190429688,,,,
,,105,,,,,3179,,0.0710969939827919,,,,
,,105,,,,,3179,0.07365285605192184,,,,,
,,106,,,,,3183,,0.06900529563426971,,,,
,,106,,,,,3187,,0.08059193193912506,,,,
,,106,,,,,3191,,0.07607924938201904,,,,
,,106,,,,,3195,,0.10128394514322281,,,,
,,106,,,,,3199,,0.07577095925807953,,,,
,,106,,,,,3203,,0.07336446642875671,,,,
,,106,,,,,3207,,0.0768461599946022,,,,
,,106,,,,,3209,0.07511226087808609,,,,,
,,107,,,,,3211,,0.06834704428911209,,,,
,,107,,,,,3215,,0.06866826117038727,,,,
,,107,,,,,3219,,0.07485292851924896,,,,
,,107,,,,,3223,,0.07818689942359924,,,,
,,107,,,,,3227,,0.07636211067438126,,,,
,,107,,,,,3231,,0.062463659793138504,,,,
,,107,,,,,3235,,0.07696370780467987,,,,
,,107,,,,,3239,,0.06856802105903625,,,,
,,107,,,,,3239,0.07340952008962631,,,,,
,,108,,,,,3243,,0.07407274842262268,,,,
,,108,,,,,3247,,0.08062393218278885,,,,
,,108,,,,,3251,,0.06908880919218063,,,,
,,108,,,,,3255,,0.06349778920412064,,,,
,,108,,,,,3259,,0.07938195765018463,,,,
,,108,,,,,3263,,0.07497277110815048,,,,
,,108,,,,,3267,,0.08300767093896866,,,,
,,108,,,,,3269,0.07339589297771454,,,,,
,,109,,,,,3271,,0.08097508549690247,,,,
,,109,,,,,3275,,0.06759478151798248,,,,
,,109,,,,,3279,,0.06489243358373642,,,,
,,109,,,,,3283,,0.06546985357999802,,,,
,,109,,,,,3287,,0.07574570178985596,,,,
,,109,,,,,3291,,0.08060157299041748,,,,
,,109,,,,,3295,,0.06813229620456696,,,,
,,109,,,,,3299,,0.06757903844118118,,,,
0.6981863975524902,0.7597348690032959,109,0.70746910572052,0.7152595520019531,0.7101476192474365,0.6535633206367493,3299,,,0.9718138575553894,0.9904497861862183,0.7564298510551453,0.9888729453086853
,,109,,,,,3299,0.07291513681411743,,,,,
,,110,,,,,3303,,0.07865487039089203,,,,
,,110,,,,,3307,,0.07542838901281357,,,,
,,110,,,,,3311,,0.06397081166505814,,,,
,,110,,,,,3315,,0.06855455785989761,,,,
,,110,,,,,3319,,0.07220125198364258,,,,
,,110,,,,,3323,,0.08011600375175476,,,,
,,110,,,,,3327,,0.07547995448112488,,,,
,,110,,,,,3329,0.07126664370298386,,,,,
,,111,,,,,3331,,0.07403797656297684,,,,
,,111,,,,,3335,,0.07675375789403915,,,,
,,111,,,,,3339,,0.0817447155714035,,,,
,,111,,,,,3343,,0.07029008865356445,,,,
,,111,,,,,3347,,0.07362626492977142,,,,
,,111,,,,,3351,,0.08162086457014084,,,,
,,111,,,,,3355,,0.06959738582372665,,,,
,,111,,,,,3359,,0.08693332225084305,,,,
,,111,,,,,3359,0.073832206428051,,,,,
,,112,,,,,3363,,0.0749807357788086,,,,
,,112,,,,,3367,,0.07668851315975189,,,,
,,112,,,,,3371,,0.06863652914762497,,,,
,,112,,,,,3375,,0.07792849838733673,,,,
,,112,,,,,3379,,0.08095796406269073,,,,
,,112,,,,,3383,,0.07357068359851837,,,,
,,112,,,,,3387,,0.059450648725032806,,,,
,,112,,,,,3389,0.07418698817491531,,,,,
,,113,,,,,3391,,0.062461674213409424,,,,
,,113,,,,,3395,,0.06845330446958542,,,,
,,113,,,,,3399,,0.08111153542995453,,,,
,,113,,,,,3403,,0.06421954929828644,,,,
,,113,,,,,3407,,0.09091578423976898,,,,
,,113,,,,,3411,,0.07224839925765991,,,,
,,113,,,,,3415,,0.07343870401382446,,,,
,,113,,,,,3419,,0.07227351516485214,,,,
,,113,,,,,3419,0.0710158497095108,,,,,
,,114,,,,,3423,,0.07244149595499039,,,,
,,114,,,,,3427,,0.062411434948444366,,,,
,,114,,,,,3431,,0.0700017660856247,,,,
,,114,,,,,3435,,0.06858400255441666,,,,
,,114,,,,,3439,,0.07320493459701538,,,,
,,114,,,,,3443,,0.07264689356088638,,,,
,,114,,,,,3447,,0.06690172851085663,,,,
,,114,,,,,3449,0.06970064342021942,,,,,
,,115,,,,,3451,,0.06481152027845383,,,,
,,115,,,,,3455,,0.07872528582811356,,,,
,,115,,,,,3459,,0.0628402829170227,,,,
,,115,,,,,3463,,0.06830860674381256,,,,
,,115,,,,,3467,,0.06764113157987595,,,,
,,115,,,,,3471,,0.07832846790552139,,,,
,,115,,,,,3475,,0.06911175698041916,,,,
,,115,,,,,3479,,0.07732896506786346,,,,
,,115,,,,,3479,0.07058311998844147,,,,,
,,116,,,,,3483,,0.0667940005660057,,,,
,,116,,,,,3487,,0.06971871107816696,,,,
,,116,,,,,3491,,0.0750138908624649,,,,
,,116,,,,,3495,,0.07187259197235107,,,,
,,116,,,,,3499,,0.06253381073474884,,,,
,,116,,,,,3503,,0.07240265607833862,,,,
,,116,,,,,3507,,0.06784680485725403,,,,
,,116,,,,,3509,0.06878512352705002,,,,,
,,117,,,,,3511,,0.06952328979969025,,,,
,,117,,,,,3515,,0.08218672126531601,,,,
,,117,,,,,3519,,0.06916971504688263,,,,
,,117,,,,,3523,,0.0722104161977768,,,,
,,117,,,,,3527,,0.07291736453771591,,,,
,,117,,,,,3531,,0.0811774879693985,,,,
,,117,,,,,3535,,0.07120443880558014,,,,
,,117,,,,,3539,,0.05605883151292801,,,,
,,117,,,,,3539,0.07140299677848816,,,,,
,,118,,,,,3543,,0.07428429275751114,,,,
,,118,,,,,3547,,0.06629864871501923,,,,
,,118,,,,,3551,,0.07745432108640671,,,,
,,118,,,,,3555,,0.07521570473909378,,,,
,,118,,,,,3559,,0.0696420967578888,,,,
,,118,,,,,3563,,0.06218269467353821,,,,
,,118,,,,,3567,,0.06686462461948395,,,,
,,118,,,,,3569,0.06805059313774109,,,,,
,,119,,,,,3571,,0.0729263573884964,,,,
,,119,,,,,3575,,0.09006477892398834,,,,
,,119,,,,,3579,,0.07075992971658707,,,,
,,119,,,,,3583,,0.07298846542835236,,,,
,,119,,,,,3587,,0.07742425799369812,,,,
,,119,,,,,3591,,0.06014150381088257,,,,
,,119,,,,,3595,,0.07118652760982513,,,,
,,119,,,,,3599,,0.06400950998067856,,,,
0.6979986429214478,0.7526497840881348,119,0.7053315043449402,0.7205077409744263,0.7095739841461182,0.6526507139205933,3599,,,0.9716110229492188,0.9890329837799072,0.7582027316093445,0.9834120869636536
,,119,,,,,3599,0.06891912966966629,,,,,
,,120,,,,,3603,,0.06315931677818298,,,,
,,120,,,,,3607,,0.0741104781627655,,,,
,,120,,,,,3611,,0.06609399616718292,,,,
,,120,,,,,3615,,0.07400816679000854,,,,
,,120,,,,,3619,,0.07120935618877411,,,,
,,120,,,,,3623,,0.06335511803627014,,,,
,,120,,,,,3627,,0.06813805550336838,,,,
,,120,,,,,3629,0.07006800919771194,,,,,
,,121,,,,,3631,,0.07241342961788177,,,,
,,121,,,,,3635,,0.07449623942375183,,,,
,,121,,,,,3639,,0.0697377398610115,,,,
,,121,,,,,3643,,0.06320386379957199,,,,
,,121,,,,,3647,,0.06646350771188736,,,,
,,121,,,,,3651,,0.06643176823854446,,,,
,,121,,,,,3655,,0.07110003381967545,,,,
,,121,,,,,3659,,0.07348605245351791,,,,
,,121,,,,,3659,0.06945846229791641,,,,,
,,122,,,,,3663,,0.0666012242436409,,,,
,,122,,,,,3667,,0.06826721131801605,,,,
,,122,,,,,3671,,0.07440454512834549,,,,
,,122,,,,,3675,,0.0713338553905487,,,,
,,122,,,,,3679,,0.07070328295230865,,,,
,,122,,,,,3683,,0.0720253586769104,,,,
,,122,,,,,3687,,0.07028001546859741,,,,
,,122,,,,,3689,0.07026045024394989,,,,,
,,123,,,,,3691,,0.0707302987575531,,,,
,,123,,,,,3695,,0.07292979955673218,,,,
,,123,,,,,3699,,0.07018330693244934,,,,
,,123,,,,,3703,,0.06784122437238693,,,,
,,123,,,,,3707,,0.06592879444360733,,,,
,,123,,,,,3711,,0.07370468974113464,,,,
,,123,,,,,3715,,0.06598447263240814,,,,
,,123,,,,,3719,,0.06913518160581589,,,,
,,123,,,,,3719,0.06999188661575317,,,,,
,,124,,,,,3723,,0.06407223641872406,,,,
,,124,,,,,3727,,0.06357110291719437,,,,
,,124,,,,,3731,,0.06866247951984406,,,,
,,124,,,,,3735,,0.07723436504602432,,,,
,,124,,,,,3739,,0.06401433050632477,,,,
,,124,,,,,3743,,0.06525055319070816,,,,
,,124,,,,,3747,,0.06846152245998383,,,,
,,124,,,,,3749,0.06851912289857864,,,,,
,,125,,,,,3751,,0.06970496475696564,,,,
,,125,,,,,3755,,0.0708271712064743,,,,
,,125,,,,,3759,,0.06905302405357361,,,,
,,125,,,,,3763,,0.07006163150072098,,,,
,,125,,,,,3767,,0.06410159170627594,,,,
,,125,,,,,3771,,0.07036919891834259,,,,
,,125,,,,,3775,,0.07378366589546204,,,,
,,125,,,,,3779,,0.06545992940664291,,,,
,,125,,,,,3779,0.06878761202096939,,,,,
,,126,,,,,3783,,0.07194599509239197,,,,
,,126,,,,,3787,,0.059729233384132385,,,,
,,126,,,,,3791,,0.0847851037979126,,,,
,,126,,,,,3795,,0.06781966984272003,,,,
,,126,,,,,3799,,0.060620568692684174,,,,
,,126,,,,,3803,,0.06280957162380219,,,,
,,126,,,,,3807,,0.06575693190097809,,,,
,,126,,,,,3809,0.06850268691778183,,,,,
,,127,,,,,3811,,0.07351414859294891,,,,
,,127,,,,,3815,,0.06300799548625946,,,,
,,127,,,,,3819,,0.06363296508789062,,,,
,,127,,,,,3823,,0.06216422840952873,,,,
,,127,,,,,3827,,0.07422727346420288,,,,
,,127,,,,,3831,,0.06919032335281372,,,,
,,127,,,,,3835,,0.06603740900754929,,,,
,,127,,,,,3839,,0.06161072850227356,,,,
,,127,,,,,3839,0.06717874854803085,,,,,
,,128,,,,,3843,,0.06624691188335419,,,,
,,128,,,,,3847,,0.061074595898389816,,,,
,,128,,,,,3851,,0.0793178454041481,,,,
,,128,,,,,3855,,0.06177005171775818,,,,
,,128,,,,,3859,,0.0748540535569191,,,,
,,128,,,,,3863,,0.0626760795712471,,,,
,,128,,,,,3867,,0.07198598235845566,,,,
,,128,,,,,3869,0.0667116716504097,,,,,
,,129,,,,,3871,,0.06677410751581192,,,,
,,129,,,,,3875,,0.0698525458574295,,,,
,,129,,,,,3879,,0.06721058487892151,,,,
,,129,,,,,3883,,0.07681280374526978,,,,
,,129,,,,,3887,,0.06815493106842041,,,,
,,129,,,,,3891,,0.08040866255760193,,,,
,,129,,,,,3895,,0.06752251088619232,,,,
,,129,,,,,3899,,0.07761581987142563,,,,
0.6979986429214478,0.7560304999351501,129,0.7014793753623962,0.7248213887214661,0.7095480561256409,0.654695451259613,3899,,,0.9713717699050903,0.9863961338996887,0.7577987909317017,0.9735891819000244
,,129,,,,,3899,0.069462850689888,,,,,
,,130,,,,,3903,,0.07846157252788544,,,,
,,130,,,,,3907,,0.07223117351531982,,,,
,,130,,,,,3911,,0.06948535144329071,,,,
,,130,,,,,3915,,0.06294891238212585,,,,
,,130,,,,,3919,,0.07746846973896027,,,,
,,130,,,,,3923,,0.05986717343330383,,,,
,,130,,,,,3927,,0.06789745390415192,,,,
,,130,,,,,3929,0.07019567489624023,,,,,
,,131,,,,,3931,,0.06533835828304291,,,,
,,131,,,,,3935,,0.07232016324996948,,,,
,,131,,,,,3939,,0.06453041732311249,,,,
,,131,,,,,3943,,0.06612563878297806,,,,
,,131,,,,,3947,,0.06912459433078766,,,,
,,131,,,,,3951,,0.06727059930562973,,,,
,,131,,,,,3955,,0.07181447744369507,,,,
,,131,,,,,3959,,0.06460780650377274,,,,
,,131,,,,,3959,0.06597856432199478,,,,,
,,132,,,,,3963,,0.06571535021066666,,,,
,,132,,,,,3967,,0.06226203218102455,,,,
,,132,,,,,3971,,0.06144587695598602,,,,
,,132,,,,,3975,,0.06026330590248108,,,,
,,132,,,,,3979,,0.06813293695449829,,,,
,,132,,,,,3983,,0.06593890488147736,,,,
,,132,,,,,3987,,0.06697572022676468,,,,
,,132,,,,,3989,0.06455713510513306,,,,,
,,133,,,,,3991,,0.06295639276504517,,,,
,,133,,,,,3995,,0.05934535712003708,,,,
,,133,,,,,3999,,0.07415805011987686,,,,
,,133,,,,,4003,,0.07101305574178696,,,,
,,133,,,,,4007,,0.07758530974388123,,,,
,,133,,,,,4011,,0.06331899017095566,,,,
,,133,,,,,4015,,0.0739583745598793,,,,
,,133,,,,,4019,,0.06796851009130478,,,,
,,133,,,,,4019,0.0668894499540329,,,,,
,,134,,,,,4023,,0.06327910721302032,,,,
,,134,,,,,4027,,0.0706874206662178,,,,
,,134,,,,,4031,,0.06289553642272949,,,,
,,134,,,,,4035,,0.0641355887055397,,,,
,,134,,,,,4039,,0.0728498250246048,,,,
,,134,,,,,4043,,0.06734628230333328,,,,
,,134,,,,,4047,,0.06718756258487701,,,,
,,134,,,,,4049,0.06646308302879333,,,,,
,,135,,,,,4051,,0.06271179765462875,,,,
,,135,,,,,4055,,0.07214225083589554,,,,
,,135,,,,,4059,,0.061837635934352875,,,,
,,135,,,,,4063,,0.06304533779621124,,,,
,,135,,,,,4067,,0.06779707968235016,,,,
,,135,,,,,4071,,0.05787739157676697,,,,
,,135,,,,,4075,,0.06554964184761047,,,,
,,135,,,,,4079,,0.07217341661453247,,,,
,,135,,,,,4079,0.06521950662136078,,,,,
,,136,,,,,4083,,0.06546750664710999,,,,
,,136,,,,,4087,,0.07523056864738464,,,,
,,136,,,,,4091,,0.07338565587997437,,,,
,,136,,,,,4095,,0.06467544287443161,,,,
,,136,,,,,4099,,0.06406888365745544,,,,
,,136,,,,,4103,,0.057955335825681686,,,,
,,136,,,,,4107,,0.07405074685811996,,,,
,,136,,,,,4109,0.06566434353590012,,,,,
,,137,,,,,4111,,0.06463119387626648,,,,
,,137,,,,,4115,,0.06466542184352875,,,,
,,137,,,,,4119,,0.06293169409036636,,,,
,,137,,,,,4123,,0.06833600252866745,,,,
,,137,,,,,4127,,0.06656040251255035,,,,
,,137,,,,,4131,,0.06859002262353897,,,,
,,137,,,,,4135,,0.060840681195259094,,,,
,,137,,,,,4139,,0.07389677315950394,,,,
,,137,,,,,4139,0.06616708636283875,,,,,
,,138,,,,,4143,,0.06717769056558609,,,,
,,138,,,,,4147,,0.06352022290229797,,,,
,,138,,,,,4151,,0.05473925173282623,,,,
,,138,,,,,4155,,0.06215156987309456,,,,
,,138,,,,,4159,,0.061194587498903275,,,,
,,138,,,,,4163,,0.069217249751091,,,,
,,138,,,,,4167,,0.06737600266933441,,,,
,,138,,,,,4169,0.06681889295578003,,,,,
,,139,,,,,4171,,0.06193801760673523,,,,
,,139,,,,,4175,,0.05565547198057175,,,,
,,139,,,,,4179,,0.06157844513654709,,,,
,,139,,,,,4183,,0.060714829713106155,,,,
,,139,,,,,4187,,0.06634063273668289,,,,
,,139,,,,,4191,,0.06986500322818756,,,,
,,139,,,,,4195,,0.059398163110017776,,,,
,,139,,,,,4199,,0.060019757598638535,,,,
0.6967098116874695,0.7609843015670776,139,0.6993417143821716,0.7240683436393738,0.7095480561256409,0.6565766334533691,4199,,,0.9710633158683777,0.9830396771430969,0.7566068172454834,0.9682860374450684
,,139,,,,,4199,0.06466519087553024,,,,,
,,140,,,,,4203,,0.06572038680315018,,,,
,,140,,,,,4207,,0.05664447695016861,,,,
,,140,,,,,4211,,0.07235569506883621,,,,
,,140,,,,,4215,,0.059767961502075195,,,,
,,140,,,,,4219,,0.07130535691976547,,,,
,,140,,,,,4223,,0.08214987069368362,,,,
,,140,,,,,4227,,0.07448522746562958,,,,
,,140,,,,,4229,0.06544395536184311,,,,,
,,141,,,,,4231,,0.059423334896564484,,,,
,,141,,,,,4235,,0.061353277415037155,,,,
,,141,,,,,4239,,0.07018405199050903,,,,
,,141,,,,,4243,,0.06167588382959366,,,,
,,141,,,,,4247,,0.06187110394239426,,,,
,,141,,,,,4251,,0.06449125707149506,,,,
,,141,,,,,4255,,0.05968831852078438,,,,
,,141,,,,,4259,,0.059513695538043976,,,,
,,141,,,,,4259,0.06458328664302826,,,,,
,,142,,,,,4263,,0.06160368770360947,,,,
,,142,,,,,4267,,0.0797586590051651,,,,
,,142,,,,,4271,,0.06205768138170242,,,,
,,142,,,,,4275,,0.06828925013542175,,,,
,,142,,,,,4279,,0.05783017724752426,,,,
,,142,,,,,4283,,0.07293304055929184,,,,
,,142,,,,,4287,,0.0687694400548935,,,,
,,142,,,,,4289,0.06604833155870438,,,,,
,,143,,,,,4291,,0.07302285730838776,,,,
,,143,,,,,4295,,0.07221144437789917,,,,
,,143,,,,,4299,,0.06994153559207916,,,,
,,143,,,,,4303,,0.05999503657221794,,,,
,,143,,,,,4307,,0.06581927835941315,,,,
,,143,,,,,4311,,0.06672081351280212,,,,
,,143,,,,,4315,,0.07103173434734344,,,,
,,143,,,,,4319,,0.05292735993862152,,,,
,,143,,,,,4319,0.06688206642866135,,,,,
,,144,,,,,4323,,0.06674475222826004,,,,
,,144,,,,,4327,,0.06305791437625885,,,,
,,144,,,,,4331,,0.07051976770162582,,,,
,,144,,,,,4335,,0.06513343751430511,,,,
,,144,,,,,4339,,0.06095656752586365,,,,
,,144,,,,,4343,,0.05464964359998703,,,,
,,144,,,,,4347,,0.06182451918721199,,,,
,,144,,,,,4349,0.0651809498667717,,,,,
,,145,,,,,4351,,0.05606469511985779,,,,
,,145,,,,,4355,,0.0575130432844162,,,,
,,145,,,,,4359,,0.06096813082695007,,,,
,,145,,,,,4363,,0.07615309208631516,,,,
,,145,,,,,4367,,0.06715746968984604,,,,
,,145,,,,,4371,,0.05535745620727539,,,,
,,145,,,,,4375,,0.06068729981780052,,,,
,,145,,,,,4379,,0.05573435127735138,,,,
,,145,,,,,4379,0.06257732212543488,,,,,
,,146,,,,,4383,,0.06833352148532867,,,,
,,146,,,,,4387,,0.061516642570495605,,,,
,,146,,,,,4391,,0.05955928936600685,,,,
,,146,,,,,4395,,0.06706643849611282,,,,
,,146,,,,,4399,,0.060157906264066696,,,,
,,146,,,,,4403,,0.07007883489131927,,,,
,,146,,,,,4407,,0.06419926881790161,,,,
,,146,,,,,4409,0.06375792622566223,,,,,
,,147,,,,,4411,,0.06291793286800385,,,,
,,147,,,,,4415,,0.057450249791145325,,,,
,,147,,,,,4419,,0.05931759998202324,,,,
,,147,,,,,4423,,0.06249576807022095,,,,
,,147,,,,,4427,,0.06374667584896088,,,,
,,147,,,,,4431,,0.058694664388895035,,,,
,,147,,,,,4435,,0.066520556807518,,,,
,,147,,,,,4439,,0.06240793317556381,,,,
,,147,,,,,4439,0.06324253976345062,,,,,
,,148,,,,,4443,,0.06659995764493942,,,,
,,148,,,,,4447,,0.06321842223405838,,,,
,,148,,,,,4451,,0.060915399342775345,,,,
,,148,,,,,4455,,0.06902562826871872,,,,
,,148,,,,,4459,,0.06054198369383812,,,,
,,148,,,,,4463,,0.061776332557201385,,,,
,,148,,,,,4467,,0.06462939828634262,,,,
,,148,,,,,4469,0.0631420686841011,,,,,
,,149,,,,,4471,,0.06400538980960846,,,,
,,149,,,,,4475,,0.05343707650899887,,,,
,,149,,,,,4479,,0.06498707830905914,,,,
,,149,,,,,4483,,0.05913852900266647,,,,
,,149,,,,,4487,,0.06846025586128235,,,,
,,149,,,,,4491,,0.061605386435985565,,,,
,,149,,,,,4495,,0.0672672912478447,,,,
,,149,,,,,4499,,0.060857970267534256,,,,
0.6967098116874695,0.754462480545044,149,0.6993417143821716,0.7259840369224548,0.7089129686355591,0.6566574573516846,4499,,,0.9708495140075684,0.9750127196311951,0.7552125453948975,0.9521341323852539
,,149,,,,,4499,0.06300696730613708,,,,,
,,150,,,,,4503,,0.056644536554813385,,,,
,,150,,,,,4507,,0.05398223176598549,,,,
,,150,,,,,4511,,0.06899404525756836,,,,
,,150,,,,,4515,,0.07143712043762207,,,,
,,150,,,,,4519,,0.05424090102314949,,,,
,,150,,,,,4523,,0.07477384060621262,,,,
,,150,,,,,4527,,0.059415675699710846,,,,
,,150,,,,,4529,0.062331024557352066,,,,,
,,151,,,,,4531,,0.05612126365303993,,,,
,,151,,,,,4535,,0.06684340536594391,,,,
,,151,,,,,4539,,0.06360501050949097,,,,
,,151,,,,,4543,,0.059239428490400314,,,,
,,151,,,,,4547,,0.06994011998176575,,,,
,,151,,,,,4551,,0.06499575823545456,,,,
,,151,,,,,4555,,0.07346830517053604,,,,
,,151,,,,,4559,,0.05768147110939026,,,,
,,151,,,,,4559,0.062335025519132614,,,,,
,,152,,,,,4563,,0.0625789538025856,,,,
,,152,,,,,4567,,0.07180331647396088,,,,
,,152,,,,,4571,,0.06673664599657059,,,,
,,152,,,,,4575,,0.05948285385966301,,,,
,,152,,,,,4579,,0.06080757826566696,,,,
,,152,,,,,4583,,0.07046792656183243,,,,
,,152,,,,,4587,,0.058930691331624985,,,,
,,152,,,,,4589,0.06268521398305893,,,,,
,,153,,,,,4591,,0.06320157647132874,,,,
,,153,,,,,4595,,0.06518015265464783,,,,
,,153,,,,,4599,,0.06875835359096527,,,,
,,153,,,,,4603,,0.07068697363138199,,,,
,,153,,,,,4607,,0.060587137937545776,,,,
,,153,,,,,4611,,0.05100134387612343,,,,
,,153,,,,,4615,,0.05977379158139229,,,,
,,153,,,,,4619,,0.051911428570747375,,,,
,,153,,,,,4619,0.062345925718545914,,,,,
,,154,,,,,4623,,0.054793890565633774,,,,
,,154,,,,,4627,,0.06508783251047134,,,,
,,154,,,,,4631,,0.05799081176519394,,,,
,,154,,,,,4635,,0.06641528010368347,,,,
,,154,,,,,4639,,0.06609214842319489,,,,
,,154,,,,,4643,,0.07190585881471634,,,,
,,154,,,,,4647,,0.06040755659341812,,,,
,,154,,,,,4649,0.06155554577708244,,,,,
,,155,,,,,4651,,0.0668259710073471,,,,
,,155,,,,,4655,,0.0667107105255127,,,,
,,155,,,,,4659,,0.06581652164459229,,,,
,,155,,,,,4663,,0.057707369327545166,,,,
,,155,,,,,4667,,0.0589265339076519,,,,
,,155,,,,,4671,,0.07149197161197662,,,,
,,155,,,,,4675,,0.05727040767669678,,,,
,,155,,,,,4679,,0.04698821157217026,,,,
,,155,,,,,4679,0.06149408593773842,,,,,
,,156,,,,,4683,,0.05915733426809311,,,,
,,156,,,,,4687,,0.05524444580078125,,,,
,,156,,,,,4691,,0.06653981655836105,,,,
,,156,,,,,4695,,0.055948030203580856,,,,
,,156,,,,,4699,,0.05701339989900589,,,,
,,156,,,,,4703,,0.05364593118429184,,,,
,,156,,,,,4707,,0.06340544670820236,,,,
,,156,,,,,4709,0.061482131481170654,,,,,
,,157,,,,,4711,,0.06450124084949493,,,,
,,157,,,,,4715,,0.06990151107311249,,,,
,,157,,,,,4719,,0.058108359575271606,,,,
,,157,,,,,4723,,0.054886505007743835,,,,
,,157,,,,,4727,,0.067245252430439,,,,
,,157,,,,,4731,,0.05619242414832115,,,,
,,157,,,,,4735,,0.060964781790971756,,,,
,,157,,,,,4739,,0.05547581613063812,,,,
,,157,,,,,4739,0.061625055968761444,,,,,
,,158,,,,,4743,,0.06406671553850174,,,,
,,158,,,,,4747,,0.06932578235864639,,,,
,,158,,,,,4751,,0.056105032563209534,,,,
,,158,,,,,4755,,0.06045851856470108,,,,
,,158,,,,,4759,,0.06469379365444183,,,,
,,158,,,,,4763,,0.05871511995792389,,,,
,,158,,,,,4767,,0.06922712177038193,,,,
,,158,,,,,4769,0.061389174312353134,,,,,
,,159,,,,,4771,,0.06503263115882874,,,,
,,159,,,,,4775,,0.06520400196313858,,,,
,,159,,,,,4779,,0.06739290058612823,,,,
,,159,,,,,4783,,0.06247415393590927,,,,
,,159,,,,,4787,,0.05404791980981827,,,,
,,159,,,,,4791,,0.07084159553050995,,,,
,,159,,,,,4795,,0.060048848390579224,,,,
,,159,,,,,4799,,0.06121799349784851,,,,
0.6979431509971619,0.7466450929641724,159,0.6993417143821716,0.7262514233589172,0.7082763314247131,0.6580470204353333,4799,,,0.9705859422683716,0.9666387438774109,0.7539640665054321,0.9344515800476074
,,159,,,,,4799,0.061672143638134,,,,,
,,160,,,,,4803,,0.07720667123794556,,,,
,,160,,,,,4807,,0.061667412519454956,,,,
,,160,,,,,4811,,0.05865129828453064,,,,
,,160,,,,,4815,,0.0728975236415863,,,,
,,160,,,,,4819,,0.05912305414676666,,,,
,,160,,,,,4823,,0.05357953906059265,,,,
,,160,,,,,4827,,0.05668972432613373,,,,
,,160,,,,,4829,0.0629960373044014,,,,,
,,161,,,,,4831,,0.06282124668359756,,,,
,,161,,,,,4835,,0.06333106756210327,,,,
,,161,,,,,4839,,0.0631001889705658,,,,
,,161,,,,,4843,,0.0619741827249527,,,,
,,161,,,,,4847,,0.05828709155321121,,,,
,,161,,,,,4851,,0.05840050429105759,,,,
,,161,,,,,4855,,0.06451328843832016,,,,
,,161,,,,,4859,,0.07288756966590881,,,,
,,161,,,,,4859,0.06075344979763031,,,,,
,,162,,,,,4863,,0.060752030462026596,,,,
,,162,,,,,4867,,0.07238223403692245,,,,
,,162,,,,,4871,,0.060304127633571625,,,,
,,162,,,,,4875,,0.0761248916387558,,,,
,,162,,,,,4879,,0.060386814177036285,,,,
,,162,,,,,4883,,0.05471760779619217,,,,
,,162,,,,,4887,,0.07019944489002228,,,,
,,162,,,,,4889,0.06222013011574745,,,,,
,,163,,,,,4891,,0.06229852885007858,,,,
,,163,,,,,4895,,0.06308933347463608,,,,
,,163,,,,,4899,,0.06258726865053177,,,,
,,163,,,,,4903,,0.06404432654380798,,,,
,,163,,,,,4907,,0.05623248964548111,,,,
,,163,,,,,4911,,0.0615653470158577,,,,
,,163,,,,,4915,,0.05890798568725586,,,,
,,163,,,,,4919,,0.05035657435655594,,,,
,,163,,,,,4919,0.060138262808322906,,,,,
,,164,,,,,4923,,0.05104677379131317,,,,
,,164,,,,,4927,,0.06209823861718178,,,,
,,164,,,,,4931,,0.07283272594213486,,,,
,,164,,,,,4935,,0.04714839160442352,,,,
,,164,,,,,4939,,0.06027162820100784,,,,
,,164,,,,,4943,,0.06672326475381851,,,,
,,164,,,,,4947,,0.05554910749197006,,,,
,,164,,,,,4949,0.05979379266500473,,,,,
,,165,,,,,4951,,0.05452703684568405,,,,
,,165,,,,,4955,,0.06806854903697968,,,,
,,165,,,,,4959,,0.06189611554145813,,,,
,,165,,,,,4963,,0.06394360214471817,,,,
,,165,,,,,4967,,0.06957501173019409,,,,
,,165,,,,,4971,,0.062744140625,,,,
,,165,,,,,4975,,0.06572962552309036,,,,
,,165,,,,,4979,,0.057364802807569504,,,,
,,165,,,,,4979,0.06142349913716316,,,,,
,,166,,,,,4983,,0.054810360074043274,,,,
,,166,,,,,4987,,0.06235555559396744,,,,
,,166,,,,,4991,,0.060797445476055145,,,,
,,166,,,,,4995,,0.06746547669172287,,,,
,,166,,,,,4999,,0.055394381284713745,,,,
,,166,,,,,5003,,0.07239445298910141,,,,
,,166,,,,,5007,,0.06229459494352341,,,,
,,166,,,,,5009,0.05914286896586418,,,,,
,,167,,,,,5011,,0.06935080885887146,,,,
,,167,,,,,5015,,0.06983944028615952,,,,
,,167,,,,,5019,,0.06649304181337357,,,,
,,167,,,,,5023,,0.06755809485912323,,,,
,,167,,,,,5027,,0.06233849376440048,,,,
,,167,,,,,5031,,0.057292286306619644,,,,
,,167,,,,,5035,,0.05355485528707504,,,,
,,167,,,,,5039,,0.06205320358276367,,,,
,,167,,,,,5039,0.06314181536436081,,,,,
,,168,,,,,5043,,0.049826741218566895,,,,
,,168,,,,,5047,,0.06495170295238495,,,,
,,168,,,,,5051,,0.05958624184131622,,,,
,,168,,,,,5055,,0.05833369866013527,,,,
,,168,,,,,5059,,0.06446665525436401,,,,
,,168,,,,,5063,,0.06763466447591782,,,,
,,168,,,,,5067,,0.06145472824573517,,,,
,,168,,,,,5069,0.060934338718652725,,,,,
,,169,,,,,5071,,0.053959231823682785,,,,
,,169,,,,,5075,,0.06031026691198349,,,,
,,169,,,,,5079,,0.061646994203329086,,,,
,,169,,,,,5083,,0.05790559947490692,,,,
,,169,,,,,5087,,0.06273568421602249,,,,
,,169,,,,,5091,,0.06871122121810913,,,,
,,169,,,,,5095,,0.06601357460021973,,,,
,,169,,,,,5099,,0.057536348700523376,,,,
0.6978211402893066,0.7485779523849487,169,0.7004110217094421,0.7271496057510376,0.7095127701759338,0.6579813957214355,5099,,,0.9702191948890686,0.9485490322113037,0.7543995976448059,0.9027089476585388
,,169,,,,,5099,0.06059689819812775,,,,,
,,170,,,,,5103,,0.06723497062921524,,,,
,,170,,,,,5107,,0.06115434691309929,,,,
,,170,,,,,5111,,0.06555566936731339,,,,
,,170,,,,,5115,,0.06112051010131836,,,,
,,170,,,,,5119,,0.06152215972542763,,,,
,,170,,,,,5123,,0.06553232669830322,,,,
,,170,,,,,5127,,0.05642786622047424,,,,
,,170,,,,,5129,0.062238436192274094,,,,,
,,171,,,,,5131,,0.06442161649465561,,,,
,,171,,,,,5135,,0.05130750685930252,,,,
,,171,,,,,5139,,0.07138358056545258,,,,
,,171,,,,,5143,,0.06200525909662247,,,,
,,171,,,,,5147,,0.05931561440229416,,,,
,,171,,,,,5151,,0.06359858810901642,,,,
,,171,,,,,5155,,0.055468734353780746,,,,
,,171,,,,,5159,,0.06707027554512024,,,,
,,171,,,,,5159,0.06014988198876381,,,,,
,,172,,,,,5163,,0.05252629145979881,,,,
,,172,,,,,5167,,0.05173248052597046,,,,
,,172,,,,,5171,,0.06911836564540863,,,,
,,172,,,,,5175,,0.05574807897210121,,,,
,,172,,,,,5179,,0.053145162761211395,,,,
,,172,,,,,5183,,0.06732930988073349,,,,
,,172,,,,,5187,,0.0642649233341217,,,,
,,172,,,,,5189,0.05993922799825668,,,,,
,,173,,,,,5191,,0.054342154413461685,,,,
,,173,,,,,5195,,0.05966174229979515,,,,
,,173,,,,,5199,,0.06124589592218399,,,,
,,173,,,,,5203,,0.06253888458013535,,,,
,,173,,,,,5207,,0.05929327756166458,,,,
,,173,,,,,5211,,0.058167099952697754,,,,
,,173,,,,,5215,,0.05585557967424393,,,,
,,173,,,,,5219,,0.06111103668808937,,,,
,,173,,,,,5219,0.06194690614938736,,,,,
,,174,,,,,5223,,0.0603630393743515,,,,
,,174,,,,,5227,,0.053185608237981796,,,,
,,174,,,,,5231,,0.05455487221479416,,,,
,,174,,,,,5235,,0.05872546508908272,,,,
,,174,,,,,5239,,0.05923915654420853,,,,
,,174,,,,,5243,,0.06560446321964264,,,,
,,174,,,,,5247,,0.05366523563861847,,,,
,,174,,,,,5249,0.060803547501564026,,,,,
,,175,,,,,5251,,0.0645969808101654,,,,
,,175,,,,,5255,,0.05965292453765869,,,,
,,175,,,,,5259,,0.05556000396609306,,,,
,,175,,,,,5263,,0.0604691356420517,,,,
,,175,,,,,5267,,0.05553222447633743,,,,
,,175,,,,,5271,,0.05026552826166153,,,,
,,175,,,,,5275,,0.051516808569431305,,,,
,,175,,,,,5279,,0.0572485625743866,,,,
,,175,,,,,5279,0.05974458530545235,,,,,
,,176,,,,,5283,,0.060352399945259094,,,,
,,176,,,,,5287,,0.06122969090938568,,,,
,,176,,,,,5291,,0.0641339048743248,,,,
,,176,,,,,5295,,0.0593596026301384,,,,
,,176,,,,,5299,,0.05303175374865532,,,,
,,176,,,,,5303,,0.05663004517555237,,,,
,,176,,,,,5307,,0.061875246465206146,,,,
,,176,,,,,5309,0.06067205220460892,,,,,
,,177,,,,,5311,,0.05854113772511482,,,,
,,177,,,,,5315,,0.05953530967235565,,,,
,,177,,,,,5319,,0.05571342259645462,,,,
,,177,,,,,5323,,0.05339910462498665,,,,
,,177,,,,,5327,,0.05485782399773598,,,,
,,177,,,,,5331,,0.06083767116069794,,,,
,,177,,,,,5335,,0.06402190029621124,,,,
,,177,,,,,5339,,0.057015836238861084,,,,
,,177,,,,,5339,0.05926603078842163,,,,,
,,178,,,,,5343,,0.05552219599485397,,,,
,,178,,,,,5347,,0.060349173843860626,,,,
,,178,,,,,5351,,0.052956510335206985,,,,
,,178,,,,,5355,,0.066865935921669,,,,
,,178,,,,,5359,,0.06117571145296097,,,,
,,178,,,,,5363,,0.05725675821304321,,,,
,,178,,,,,5367,,0.05197785049676895,,,,
,,178,,,,,5369,0.05966447666287422,,,,,
,,179,,,,,5371,,0.05823221802711487,,,,
,,179,,,,,5375,,0.06362448632717133,,,,
,,179,,,,,5379,,0.05941692739725113,,,,
,,179,,,,,5383,,0.06256958842277527,,,,
,,179,,,,,5387,,0.054522935301065445,,,,
,,179,,,,,5391,,0.06666256487369537,,,,
,,179,,,,,5395,,0.05721843242645264,,,,
,,179,,,,,5399,,0.05295362323522568,,,,
0.6991771459579468,0.7242693901062012,179,0.7004287242889404,0.7255725264549255,0.7100859880447388,0.6562179327011108,5399,,,0.9699354767799377,0.9189698100090027,0.7523772120475769,0.8556751608848572
,,179,,,,,5399,0.06106650456786156,,,,,
,,180,,,,,5403,,0.05501410737633705,,,,
,,180,,,,,5407,,0.06355394423007965,,,,
,,180,,,,,5411,,0.06465531885623932,,,,
,,180,,,,,5415,,0.0606195405125618,,,,
,,180,,,,,5419,,0.06475665420293808,,,,
,,180,,,,,5423,,0.06114629656076431,,,,
,,180,,,,,5427,,0.05973513051867485,,,,
,,180,,,,,5429,0.06086808443069458,,,,,
,,181,,,,,5431,,0.05770418420433998,,,,
,,181,,,,,5435,,0.058145761489868164,,,,
,,181,,,,,5439,,0.05809605121612549,,,,
,,181,,,,,5443,,0.06073179468512535,,,,
,,181,,,,,5447,,0.05671029910445213,,,,
,,181,,,,,5451,,0.05621424317359924,,,,
,,181,,,,,5455,,0.05740669369697571,,,,
,,181,,,,,5459,,0.058872513473033905,,,,
,,181,,,,,5459,0.05822215974330902,,,,,
,,182,,,,,5463,,0.055879682302474976,,,,
,,182,,,,,5467,,0.05557730048894882,,,,
,,182,,,,,5471,,0.05854082107543945,,,,
,,182,,,,,5475,,0.05755501240491867,,,,
,,182,,,,,5479,,0.0561099499464035,,,,
,,182,,,,,5483,,0.07425625622272491,,,,
,,182,,,,,5487,,0.06764651089906693,,,,
,,182,,,,,5489,0.060414332896471024,,,,,
,,183,,,,,5491,,0.05252330005168915,,,,
,,183,,,,,5495,,0.06150464713573456,,,,
,,183,,,,,5499,,0.06307142227888107,,,,
,,183,,,,,5503,,0.06463693082332611,,,,
,,183,,,,,5507,,0.05547034740447998,,,,
,,183,,,,,5511,,0.05121970176696777,,,,
,,183,,,,,5515,,0.05559960752725601,,,,
,,183,,,,,5519,,0.0672181025147438,,,,
,,183,,,,,5519,0.0588284470140934,,,,,
,,184,,,,,5523,,0.061106763780117035,,,,
,,184,,,,,5527,,0.0692838802933693,,,,
,,184,,,,,5531,,0.0570041798055172,,,,
,,184,,,,,5535,,0.062350574880838394,,,,
,,184,,,,,5539,,0.04792403429746628,,,,
,,184,,,,,5543,,0.06385697424411774,,,,
,,184,,,,,5547,,0.05233389139175415,,,,
,,184,,,,,5549,0.05988362431526184,,,,,
,,185,,,,,5551,,0.05272278934717178,,,,
,,185,,,,,5555,,0.07324302196502686,,,,
,,185,,,,,5559,,0.05767468363046646,,,,
,,185,,,,,5563,,0.05404099076986313,,,,
,,185,,,,,5567,,0.05207820236682892,,,,
,,185,,,,,5571,,0.06021823361515999,,,,
,,185,,,,,5575,,0.05187155306339264,,,,
,,185,,,,,5579,,0.05956088751554489,,,,
,,185,,,,,5579,0.05831747502088547,,,,,
,,186,,,,,5583,,0.05578802525997162,,,,
,,186,,,,,5587,,0.050033558160066605,,,,
,,186,,,,,5591,,0.05722368508577347,,,,
,,186,,,,,5595,,0.05367991328239441,,,,
,,186,,,,,5599,,0.0561121329665184,,,,
,,186,,,,,5603,,0.05969288945198059,,,,
,,186,,,,,5607,,0.05659055709838867,,,,
,,186,,,,,5609,0.06051220744848251,,,,,
,,187,,,,,5611,,0.06299759447574615,,,,
,,187,,,,,5615,,0.06256362795829773,,,,
,,187,,,,,5619,,0.06327973306179047,,,,
,,187,,,,,5623,,0.0604698583483696,,,,
,,187,,,,,5627,,0.04777666926383972,,,,
,,187,,,,,5631,,0.06800972670316696,,,,
,,187,,,,,5635,,0.059673551470041275,,,,
,,187,,,,,5639,,0.057157471776008606,,,,
,,187,,,,,5639,0.058276548981666565,,,,,
,,188,,,,,5643,,0.05157100781798363,,,,
,,188,,,,,5647,,0.05531962588429451,,,,
,,188,,,,,5651,,0.05218920484185219,,,,
,,188,,,,,5655,,0.06542275100946426,,,,
,,188,,,,,5659,,0.06857027858495712,,,,
,,188,,,,,5663,,0.061217956244945526,,,,
,,188,,,,,5667,,0.05778678506612778,,,,
,,188,,,,,5669,0.05828525498509407,,,,,
,,189,,,,,5671,,0.06254309415817261,,,,
,,189,,,,,5675,,0.05415864288806915,,,,
,,189,,,,,5679,,0.052399925887584686,,,,
,,189,,,,,5683,,0.050995972007513046,,,,
,,189,,,,,5687,,0.058127809315919876,,,,
,,189,,,,,5691,,0.05278328061103821,,,,
,,189,,,,,5695,,0.0583418570458889,,,,
,,189,,,,,5699,,0.0619935616850853,,,,
0.7004086375236511,0.7341840863227844,189,0.70361328125,0.7216452360153198,0.7112594246864319,0.6551699042320251,5699,,,0.9695305228233337,0.8968021273612976,0.7522121667861938,0.8206191658973694
,,189,,,,,5699,0.058265917003154755,,,,,
,,190,,,,,5703,,0.06040450930595398,,,,
,,190,,,,,5707,,0.06132262200117111,,,,
,,190,,,,,5711,,0.05501430854201317,,,,
,,190,,,,,5715,,0.054524876177310944,,,,
,,190,,,,,5719,,0.05544641613960266,,,,
,,190,,,,,5723,,0.050280600786209106,,,,
,,190,,,,,5727,,0.06199176609516144,,,,
,,190,,,,,5729,0.05843573808670044,,,,,
,,191,,,,,5731,,0.04975312575697899,,,,
,,191,,,,,5735,,0.05527723953127861,,,,
,,191,,,,,5739,,0.05319621413946152,,,,
,,191,,,,,5743,,0.05402219295501709,,,,
,,191,,,,,5747,,0.059688352048397064,,,,
,,191,,,,,5751,,0.0524933785200119,,,,
,,191,,,,,5755,,0.056330643594264984,,,,
,,191,,,,,5759,,0.07899119704961777,,,,
,,191,,,,,5759,0.05652499571442604,,,,,
,,192,,,,,5763,,0.05254589021205902,,,,
,,192,,,,,5767,,0.04805972799658775,,,,
,,192,,,,,5771,,0.06052146106958389,,,,
,,192,,,,,5775,,0.05793006718158722,,,,
,,192,,,,,5779,,0.06275159865617752,,,,
,,192,,,,,5783,,0.04826561361551285,,,,
,,192,,,,,5787,,0.0567847341299057,,,,
,,192,,,,,5789,0.05681783705949783,,,,,
,,193,,,,,5791,,0.05865316465497017,,,,
,,193,,,,,5795,,0.04822713881731033,,,,
,,193,,,,,5799,,0.05078686401247978,,,,
,,193,,,,,5803,,0.06368829309940338,,,,
,,193,,,,,5807,,0.06267493218183517,,,,
,,193,,,,,5811,,0.05636638402938843,,,,
,,193,,,,,5815,,0.053681813180446625,,,,
,,193,,,,,5819,,0.05462285876274109,,,,
,,193,,,,,5819,0.057176586240530014,,,,,
,,194,,,,,5823,,0.05324588343501091,,,,
,,194,,,,,5827,,0.056494925171136856,,,,
,,194,,,,,5831,,0.06388727575540543,,,,
,,194,,,,,5835,,0.055980633944272995,,,,
,,194,,,,,5839,,0.07018528133630753,,,,
,,194,,,,,5843,,0.05502226948738098,,,,
,,194,,,,,5847,,0.06516046822071075,,,,
,,194,,,,,5849,0.05869264155626297,,,,,
,,195,,,,,5851,,0.055916815996170044,,,,
,,195,,,,,5855,,0.04830363392829895,,,,
,,195,,,,,5859,,0.06880167126655579,,,,
,,195,,,,,5863,,0.05656677111983299,,,,
,,195,,,,,5867,,0.053565725684165955,,,,
,,195,,,,,5871,,0.057464972138404846,,,,
,,195,,,,,5875,,0.061724789440631866,,,,
,,195,,,,,5879,,0.05936053395271301,,,,
,,195,,,,,5879,0.0560673289000988,,,,,
,,196,,,,,5883,,0.04959177225828171,,,,
,,196,,,,,5887,,0.06331281363964081,,,,
,,196,,,,,5891,,0.057418860495090485,,,,
,,196,,,,,5895,,0.05626510828733444,,,,
,,196,,,,,5899,,0.061609964817762375,,,,
,,196,,,,,5903,,0.05835193395614624,,,,
,,196,,,,,5907,,0.06880124658346176,,,,
,,196,,,,,5909,0.05811747536063194,,,,,
,,197,,,,,5911,,0.05662768706679344,,,,
,,197,,,,,5915,,0.05750654637813568,,,,
,,197,,,,,5919,,0.0569043830037117,,,,
,,197,,,,,5923,,0.06293144077062607,,,,
,,197,,,,,5927,,0.059204258024692535,,,,
,,197,,,,,5931,,0.05508864298462868,,,,
,,197,,,,,5935,,0.05621838942170143,,,,
,,197,,,,,5939,,0.06279854476451874,,,,
,,197,,,,,5939,0.05704105645418167,,,,,
,,198,,,,,5943,,0.05261526256799698,,,,
,,198,,,,,5947,,0.058490000665187836,,,,
,,198,,,,,5951,,0.05764934420585632,,,,
,,198,,,,,5955,,0.06682505458593369,,,,
,,198,,,,,5959,,0.06321870535612106,,,,
,,198,,,,,5963,,0.059285249561071396,,,,
,,198,,,,,5967,,0.058111488819122314,,,,
,,198,,,,,5969,0.05965283513069153,,,,,
,,199,,,,,5971,,0.05666976422071457,,,,
,,199,,,,,5975,,0.05923294275999069,,,,
,,199,,,,,5979,,0.057165905833244324,,,,
,,199,,,,,5983,,0.057527996599674225,,,,
,,199,,,,,5987,,0.060842834413051605,,,,
,,199,,,,,5991,,0.05785468965768814,,,,
,,199,,,,,5995,,0.05643794685602188,,,,
,,199,,,,,5999,,0.06758932769298553,,,,
0.6991085410118103,0.7202457785606384,199,0.7059946656227112,0.7187889218330383,0.7112045288085938,0.657482922077179,5999,,,0.9691619873046875,0.8832781910896301,0.7525525093078613,0.8073013424873352
,,199,,,,,5999,0.058533601462841034,,,,,
,,200,,,,,6003,,0.053441405296325684,,,,
,,200,,,,,6007,,0.056449033319950104,,,,
,,200,,,,,6011,,0.05940735340118408,,,,
,,200,,,,,6015,,0.05518001317977905,,,,
,,200,,,,,6019,,0.06530535221099854,,,,
,,200,,,,,6023,,0.05066851153969765,,,,
,,200,,,,,6027,,0.050282321870326996,,,,
,,200,,,,,6029,0.05605864152312279,,,,,
,,201,,,,,6031,,0.06053023040294647,,,,
,,201,,,,,6035,,0.06352746486663818,,,,
,,201,,,,,6039,,0.053121160715818405,,,,
,,201,,,,,6043,,0.05615903064608574,,,,
,,201,,,,,6047,,0.058407012373209,,,,
,,201,,,,,6051,,0.0615941658616066,,,,
,,201,,,,,6055,,0.060352396219968796,,,,
,,201,,,,,6059,,0.056530654430389404,,,,
,,201,,,,,6059,0.057442646473646164,,,,,
,,202,,,,,6063,,0.04845172539353371,,,,
,,202,,,,,6067,,0.05195915699005127,,,,
,,202,,,,,6071,,0.06197687238454819,,,,
,,202,,,,,6075,,0.045273564755916595,,,,
,,202,,,,,6079,,0.05654405802488327,,,,
,,202,,,,,6083,,0.059655167162418365,,,,
,,202,,,,,6087,,0.05975407734513283,,,,
,,202,,,,,6089,0.05610273778438568,,,,,
,,203,,,,,6091,,0.0627434253692627,,,,
,,203,,,,,6095,,0.05063507705926895,,,,
,,203,,,,,6099,,0.06505492329597473,,,,
,,203,,,,,6103,,0.057569921016693115,,,,
,,203,,,,,6107,,0.0508565753698349,,,,
,,203,,,,,6111,,0.06202992424368858,,,,
,,203,,,,,6115,,0.05631581321358681,,,,
,,203,,,,,6119,,0.061259135603904724,,,,
,,203,,,,,6119,0.05797571316361427,,,,,
,,204,,,,,6123,,0.04936160147190094,,,,
,,204,,,,,6127,,0.0544949546456337,,,,
,,204,,,,,6131,,0.054414503276348114,,,,
,,204,,,,,6135,,0.061981603503227234,,,,
,,204,,,,,6139,,0.06069742143154144,,,,
,,204,,,,,6143,,0.05115847289562225,,,,
,,204,,,,,6147,,0.058215849101543427,,,,
,,204,,,,,6149,0.056263379752635956,,,,,
,,205,,,,,6151,,0.057393141090869904,,,,
,,205,,,,,6155,,0.0582902655005455,,,,
,,205,,,,,6159,,0.05819897726178169,,,,
,,205,,,,,6163,,0.05214529484510422,,,,
,,205,,,,,6167,,0.054235756397247314,,,,
,,205,,,,,6171,,0.0491720549762249,,,,
,,205,,,,,6175,,0.059090644121170044,,,,
,,205,,,,,6179,,0.045037247240543365,,,,
,,205,,,,,6179,0.05548589676618576,,,,,
,,206,,,,,6183,,0.057204850018024445,,,,
,,206,,,,,6187,,0.04812726378440857,,,,
,,206,,,,,6191,,0.06489445269107819,,,,
,,206,,,,,6195,,0.05695202201604843,,,,
,,206,,,,,6199,,0.0581137090921402,,,,
,,206,,,,,6203,,0.055979833006858826,,,,
,,206,,,,,6207,,0.06284469366073608,,,,
,,206,,,,,6209,0.05704076588153839,,,,,
,,207,,,,,6211,,0.05534873530268669,,,,
,,207,,,,,6215,,0.06342780590057373,,,,
,,207,,,,,6219,,0.06929372251033783,,,,
,,207,,,,,6223,,0.06145702302455902,,,,
,,207,,,,,6227,,0.050112150609493256,,,,
,,207,,,,,6231,,0.058907341212034225,,,,
,,207,,,,,6235,,0.06059423089027405,,,,
,,207,,,,,6239,,0.05541212856769562,,,,
,,207,,,,,6239,0.05696886405348778,,,,,
,,208,,,,,6243,,0.05680740624666214,,,,
,,208,,,,,6247,,0.05793766677379608,,,,
,,208,,,,,6251,,0.06027960032224655,,,,
,,208,,,,,6255,,0.061702802777290344,,,,
,,208,,,,,6259,,0.06017358601093292,,,,
,,208,,,,,6263,,0.061794787645339966,,,,
,,208,,,,,6267,,0.05185018852353096,,,,
,,208,,,,,6269,0.05871592462062836,,,,,
,,209,,,,,6271,,0.053395312279462814,,,,
,,209,,,,,6275,,0.05097232758998871,,,,
,,209,,,,,6279,,0.05440686643123627,,,,
,,209,,,,,6283,,0.054964400827884674,,,,
,,209,,,,,6287,,0.05930005759000778,,,,
,,209,,,,,6291,,0.05020024627447128,,,,
,,209,,,,,6295,,0.052136100828647614,,,,
,,209,,,,,6299,,0.04373718798160553,,,,
0.6978777050971985,0.7285431623458862,209,0.7037408351898193,0.7143608331680298,0.711922287940979,0.6539328098297119,6299,,,0.9689064025878906,0.8421849012374878,0.7530831098556519,0.749609649181366
,,209,,,,,6299,0.05595637112855911,,,,,
,,210,,,,,6303,,0.058635927736759186,,,,
,,210,,,,,6307,,0.05539970472455025,,,,
,,210,,,,,6311,,0.058324411511421204,,,,
,,210,,,,,6315,,0.05302836373448372,,,,
,,210,,,,,6319,,0.05794362723827362,,,,
,,210,,,,,6323,,0.05964215472340584,,,,
,,210,,,,,6327,,0.046970754861831665,,,,
,,210,,,,,6329,0.05553516373038292,,,,,
,,211,,,,,6331,,0.06775552779436111,,,,
,,211,,,,,6335,,0.056347474455833435,,,,
,,211,,,,,6339,,0.06248893588781357,,,,
,,211,,,,,6343,,0.05752331763505936,,,,
,,211,,,,,6347,,0.0512775182723999,,,,
,,211,,,,,6351,,0.04486105591058731,,,,
,,211,,,,,6355,,0.05086536705493927,,,,
,,211,,,,,6359,,0.052296534180641174,,,,
,,211,,,,,6359,0.05609769746661186,,,,,
,,212,,,,,6363,,0.06324252486228943,,,,
,,212,,,,,6367,,0.06714065372943878,,,,
,,212,,,,,6371,,0.061412639915943146,,,,
,,212,,,,,6375,,0.05417824909090996,,,,
,,212,,,,,6379,,0.05229388549923897,,,,
,,212,,,,,6383,,0.04756278544664383,,,,
,,212,,,,,6387,,0.05941994860768318,,,,
,,212,,,,,6389,0.05661993846297264,,,,,
,,213,,,,,6391,,0.05699590593576431,,,,
,,213,,,,,6395,,0.053190141916275024,,,,
,,213,,,,,6399,,0.052826084196567535,,,,
,,213,,,,,6403,,0.04839225113391876,,,,
,,213,,,,,6407,,0.06253678351640701,,,,
,,213,,,,,6411,,0.061600130051374435,,,,
,,213,,,,,6415,,0.04872608929872513,,,,
,,213,,,,,6419,,0.051349326968193054,,,,
,,213,,,,,6419,0.054446991533041,,,,,
,,214,,,,,6423,,0.05193111672997475,,,,
,,214,,,,,6427,,0.05355195701122284,,,,
,,214,,,,,6431,,0.06120350956916809,,,,
,,214,,,,,6435,,0.05341479182243347,,,,
,,214,,,,,6439,,0.0574430413544178,,,,
,,214,,,,,6443,,0.057385437190532684,,,,
,,214,,,,,6447,,0.06254537403583527,,,,
,,214,,,,,6449,0.05745028331875801,,,,,
,,215,,,,,6451,,0.054804086685180664,,,,
,,215,,,,,6455,,0.05428186058998108,,,,
,,215,,,,,6459,,0.06816252321004868,,,,
,,215,,,,,6463,,0.055339161306619644,,,,
,,215,,,,,6467,,0.05782487988471985,,,,
,,215,,,,,6471,,0.053212910890579224,,,,
,,215,,,,,6475,,0.05601883679628372,,,,
,,215,,,,,6479,,0.06541051715612411,,,,
,,215,,,,,6479,0.05605267360806465,,,,,
,,216,,,,,6483,,0.06260420382022858,,,,
,,216,,,,,6487,,0.0629396140575409,,,,
,,216,,,,,6491,,0.04900651052594185,,,,
,,216,,,,,6495,,0.048996083438396454,,,,
,,216,,,,,6499,,0.04850388318300247,,,,
,,216,,,,,6503,,0.05208685249090195,,,,
,,216,,,,,6507,,0.04717857390642166,,,,
,,216,,,,,6509,0.05588769167661667,,,,,
,,217,,,,,6511,,0.06107766926288605,,,,
,,217,,,,,6515,,0.06626527011394501,,,,
,,217,,,,,6519,,0.05236006900668144,,,,
,,217,,,,,6523,,0.05084346607327461,,,,
,,217,,,,,6527,,0.05237960070371628,,,,
,,217,,,,,6531,,0.06190367043018341,,,,
,,217,,,,,6535,,0.05088379234075546,,,,
,,217,,,,,6539,,0.05769176408648491,,,,
,,217,,,,,6539,0.055498287081718445,,,,,
,,218,,,,,6543,,0.060845620930194855,,,,
,,218,,,,,6547,,0.0501028411090374,,,,
,,218,,,,,6551,,0.05996774137020111,,,,
,,218,,,,,6555,,0.05393186956644058,,,,
,,218,,,,,6559,,0.05220033973455429,,,,
,,218,,,,,6563,,0.06144662946462631,,,,
,,218,,,,,6567,,0.045891787856817245,,,,
,,218,,,,,6569,0.056566134095191956,,,,,
,,219,,,,,6571,,0.054687343537807465,,,,
,,219,,,,,6575,,0.051213253289461136,,,,
,,219,,,,,6579,,0.06112148240208626,,,,
,,219,,,,,6583,,0.05833137780427933,,,,
,,219,,,,,6587,,0.05847278982400894,,,,
,,219,,,,,6591,,0.054378263652324677,,,,
,,219,,,,,6595,,0.05346789211034775,,,,
,,219,,,,,6599,,0.07270625233650208,,,,
0.6977347135543823,0.7313635945320129,219,0.7058802843093872,0.7043434977531433,0.7119970917701721,0.6502368450164795,6599,,,0.9687163233757019,0.796272337436676,0.7542708516120911,0.6985872983932495
,,219,,,,,6599,0.056798193603754044,,,,,
,,220,,,,,6603,,0.059916019439697266,,,,
,,220,,,,,6607,,0.05319496989250183,,,,
,,220,,,,,6611,,0.06339162588119507,,,,
,,220,,,,,6615,,0.05545393377542496,,,,
,,220,,,,,6619,,0.05148576572537422,,,,
,,220,,,,,6623,,0.04849372059106827,,,,
,,220,,,,,6627,,0.0502203106880188,,,,
,,220,,,,,6629,0.05725245550274849,,,,,
,,221,,,,,6631,,0.06186610460281372,,,,
,,221,,,,,6635,,0.06172749772667885,,,,
,,221,,,,,6639,,0.0581868514418602,,,,
,,221,,,,,6643,,0.06033496931195259,,,,
,,221,,,,,6647,,0.06128043681383133,,,,
,,221,,,,,6651,,0.05279421806335449,,,,
,,221,,,,,6655,,0.05443037301301956,,,,
,,221,,,,,6659,,0.05541394650936127,,,,
,,221,,,,,6659,0.058119505643844604,,,,,
,,222,,,,,6663,,0.05779464542865753,,,,
,,222,,,,,6667,,0.061705753207206726,,,,
,,222,,,,,6671,,0.058879971504211426,,,,
,,222,,,,,6675,,0.06761205941438675,,,,
,,222,,,,,6679,,0.058138128370046616,,,,
,,222,,,,,6683,,0.06001710146665573,,,,
,,222,,,,,6687,,0.06407821178436279,,,,
,,222,,,,,6689,0.058763328939676285,,,,,
,,223,,,,,6691,,0.053448960185050964,,,,
,,223,,,,,6695,,0.06110814958810806,,,,
,,223,,,,,6699,,0.05342388153076172,,,,
,,223,,,,,6703,,0.06171715632081032,,,,
,,223,,,,,6707,,0.06017210707068443,,,,
,,223,,,,,6711,,0.05676799267530441,,,,
,,223,,,,,6715,,0.05647784471511841,,,,
,,223,,,,,6719,,0.06041852384805679,,,,
,,223,,,,,6719,0.058015573769807816,,,,,
,,224,,,,,6723,,0.05595502629876137,,,,
,,224,,,,,6727,,0.059431448578834534,,,,
,,224,,,,,6731,,0.06277428567409515,,,,
,,224,,,,,6735,,0.06310869753360748,,,,
,,224,,,,,6739,,0.05448034405708313,,,,
,,224,,,,,6743,,0.05722837895154953,,,,
,,224,,,,,6747,,0.053695399314165115,,,,
,,224,,,,,6749,0.0568942055106163,,,,,
,,225,,,,,6751,,0.05016925930976868,,,,
,,225,,,,,6755,,0.05814461410045624,,,,
,,225,,,,,6759,,0.05666838586330414,,,,
,,225,,,,,6763,,0.05478911101818085,,,,
,,225,,,,,6767,,0.05983497202396393,,,,
,,225,,,,,6771,,0.051139749586582184,,,,
,,225,,,,,6775,,0.058213479816913605,,,,
,,225,,,,,6779,,0.07524002343416214,,,,
,,225,,,,,6779,0.05562855303287506,,,,,
,,226,,,,,6783,,0.05410439521074295,,,,
,,226,,,,,6787,,0.05494461953639984,,,,
,,226,,,,,6791,,0.06084148585796356,,,,
,,226,,,,,6795,,0.055125296115875244,,,,
,,226,,,,,6799,,0.060825299471616745,,,,
,,226,,,,,6803,,0.06587384641170502,,,,
,,226,,,,,6807,,0.052434779703617096,,,,
,,226,,,,,6809,0.05652555078268051,,,,,
,,227,,,,,6811,,0.06525426357984543,,,,
,,227,,,,,6815,,0.054257310926914215,,,,
,,227,,,,,6819,,0.04643940180540085,,,,
,,227,,,,,6823,,0.0548575259745121,,,,
,,227,,,,,6827,,0.053546205163002014,,,,
,,227,,,,,6831,,0.058069877326488495,,,,
,,227,,,,,6835,,0.061224281787872314,,,,
,,227,,,,,6839,,0.08058567345142365,,,,
,,227,,,,,6839,0.05543922632932663,,,,,
,,228,,,,,6843,,0.059221163392066956,,,,
,,228,,,,,6847,,0.05578012764453888,,,,
,,228,,,,,6851,,0.05194321647286415,,,,
,,228,,,,,6855,,0.05255782604217529,,,,
,,228,,,,,6859,,0.055390194058418274,,,,
,,228,,,,,6863,,0.04859146475791931,,,,
,,228,,,,,6867,,0.04485828056931496,,,,
,,228,,,,,6869,0.05687394365668297,,,,,
,,229,,,,,6871,,0.0567123182117939,,,,
,,229,,,,,6875,,0.06268090009689331,,,,
,,229,,,,,6879,,0.06119100749492645,,,,
,,229,,,,,6883,,0.05954636633396149,,,,
,,229,,,,,6887,,0.056091684848070145,,,,
,,229,,,,,6891,,0.059767454862594604,,,,
,,229,,,,,6895,,0.047777220606803894,,,,
,,229,,,,,6899,,0.03705191612243652,,,,
0.6981133818626404,0.7292459011077881,229,0.7060759663581848,0.7074263095855713,0.7131451964378357,0.6506619453430176,6899,,,0.968212366104126,0.7897123694419861,0.7575876116752625,0.7003364562988281
,,229,,,,,6899,0.05484255030751228,,,,,
,,230,,,,,6903,,0.05891595780849457,,,,
,,230,,,,,6907,,0.059649862349033356,,,,
,,230,,,,,6911,,0.05503993481397629,,,,
,,230,,,,,6915,,0.0520392581820488,,,,
,,230,,,,,6919,,0.055430132895708084,,,,
,,230,,,,,6923,,0.0710693746805191,,,,
,,230,,,,,6927,,0.06473133713006973,,,,
,,230,,,,,6929,0.05760660022497177,,,,,
,,231,,,,,6931,,0.04833481088280678,,,,
,,231,,,,,6935,,0.0527525320649147,,,,
,,231,,,,,6939,,0.05376017838716507,,,,
,,231,,,,,6943,,0.05887976661324501,,,,
,,231,,,,,6947,,0.055271755903959274,,,,
,,231,,,,,6951,,0.0641857236623764,,,,
,,231,,,,,6955,,0.04610893502831459,,,,
,,231,,,,,6959,,0.05499729514122009,,,,
,,231,,,,,6959,0.05435480177402496,,,,,
,,232,,,,,6963,,0.05424138903617859,,,,
,,232,,,,,6967,,0.061860907822847366,,,,
,,232,,,,,6971,,0.056574512273073196,,,,
,,232,,,,,6975,,0.050325311720371246,,,,
,,232,,,,,6979,,0.05993323773145676,,,,
,,232,,,,,6983,,0.05454264581203461,,,,
,,232,,,,,6987,,0.053152766078710556,,,,
,,232,,,,,6989,0.0558340884745121,,,,,
,,233,,,,,6991,,0.05564730241894722,,,,
,,233,,,,,6995,,0.057673901319503784,,,,
,,233,,,,,6999,,0.05058739706873894,,,,
,,233,,,,,7003,,0.06140296906232834,,,,
,,233,,,,,7007,,0.04870801791548729,,,,
,,233,,,,,7011,,0.05103917419910431,,,,
,,233,,,,,7015,,0.051981471478939056,,,,
,,233,,,,,7019,,0.05260853096842766,,,,
,,233,,,,,7019,0.053919706493616104,,,,,
,,234,,,,,7023,,0.06505319476127625,,,,
,,234,,,,,7027,,0.05822295323014259,,,,
,,234,,,,,7031,,0.05727504938840866,,,,
,,234,,,,,7035,,0.05913832038640976,,,,
,,234,,,,,7039,,0.05683552473783493,,,,
,,234,,,,,7043,,0.05493185669183731,,,,
,,234,,,,,7047,,0.052827585488557816,,,,
,,234,,,,,7049,0.058519598096609116,,,,,
,,235,,,,,7051,,0.05109892413020134,,,,
,,235,,,,,7055,,0.04936309903860092,,,,
,,235,,,,,7059,,0.05698198825120926,,,,
,,235,,,,,7063,,0.05282631143927574,,,,
,,235,,,,,7067,,0.05089621990919113,,,,
,,235,,,,,7071,,0.05377655848860741,,,,
,,235,,,,,7075,,0.05510342866182327,,,,
,,235,,,,,7079,,0.05562532693147659,,,,
,,235,,,,,7079,0.05600281432271004,,,,,
,,236,,,,,7083,,0.046064361929893494,,,,
,,236,,,,,7087,,0.05123765766620636,,,,
,,236,,,,,7091,,0.06094279885292053,,,,
,,236,,,,,7095,,0.05417356640100479,,,,
,,236,,,,,7099,,0.05599502846598625,,,,
,,236,,,,,7103,,0.06257189810276031,,,,
,,236,,,,,7107,,0.05708865821361542,,,,
,,236,,,,,7109,0.056596022099256516,,,,,
,,237,,,,,7111,,0.05472182109951973,,,,
,,237,,,,,7115,,0.048976436257362366,,,,
,,237,,,,,7119,,0.05655680596828461,,,,
,,237,,,,,7123,,0.05309988558292389,,,,
,,237,,,,,7127,,0.05859646201133728,,,,
,,237,,,,,7131,,0.05369548127055168,,,,
,,237,,,,,7135,,0.058796919882297516,,,,
,,237,,,,,7139,,0.053832922130823135,,,,
,,237,,,,,7139,0.05478038638830185,,,,,
,,238,,,,,7143,,0.05661942437291145,,,,
,,238,,,,,7147,,0.054911743849515915,,,,
,,238,,,,,7151,,0.04627908766269684,,,,
,,238,,,,,7155,,0.05281227454543114,,,,
,,238,,,,,7159,,0.052877187728881836,,,,
,,238,,,,,7163,,0.055914171040058136,,,,
,,238,,,,,7167,,0.05274524167180061,,,,
,,238,,,,,7169,0.056462060660123825,,,,,
,,239,,,,,7171,,0.06169135868549347,,,,
,,239,,,,,7175,,0.0614466667175293,,,,
,,239,,,,,7179,,0.055222079157829285,,,,
,,239,,,,,7183,,0.056493181735277176,,,,
,,239,,,,,7187,,0.05275426059961319,,,,
,,239,,,,,7191,,0.05782359093427658,,,,
,,239,,,,,7195,,0.05466366186738014,,,,
,,239,,,,,7199,,0.05116929113864899,,,,
0.6992955803871155,0.7000255584716797,239,0.7094789743423462,0.709746241569519,0.7131145000457764,0.6558643579483032,7199,,,0.9680151343345642,0.8006365895271301,0.7509636282920837,0.7136386632919312
,,239,,,,,7199,0.054832614958286285,,,,,
,,240,,,,,7203,,0.05931691825389862,,,,
,,240,,,,,7207,,0.062037043273448944,,,,
,,240,,,,,7211,,0.04496169090270996,,,,
,,240,,,,,7215,,0.05864156037569046,,,,
,,240,,,,,7219,,0.06305070966482162,,,,
,,240,,,,,7223,,0.052824556827545166,,,,
,,240,,,,,7227,,0.06095034256577492,,,,
,,240,,,,,7229,0.05723762512207031,,,,,
,,241,,,,,7231,,0.06245678663253784,,,,
,,241,,,,,7235,,0.059979457408189774,,,,
,,241,,,,,7239,,0.06287641823291779,,,,
,,241,,,,,7243,,0.060072436928749084,,,,
,,241,,,,,7247,,0.05757787823677063,,,,
,,241,,,,,7251,,0.06388768553733826,,,,
,,241,,,,,7255,,0.05555658042430878,,,,
,,241,,,,,7259,,0.053456760942935944,,,,
,,241,,,,,7259,0.057303693145513535,,,,,
,,242,,,,,7263,,0.06627078354358673,,,,
,,242,,,,,7267,,0.06306912750005722,,,,
,,242,,,,,7271,,0.06252659857273102,,,,
,,242,,,,,7275,,0.04776371642947197,,,,
,,242,,,,,7279,,0.058322083204984665,,,,
,,242,,,,,7283,,0.047719329595565796,,,,
,,242,,,,,7287,,0.06025145947933197,,,,
,,242,,,,,7289,0.05421609431505203,,,,,
,,243,,,,,7291,,0.05234552547335625,,,,
,,243,,,,,7295,,0.062325283885002136,,,,
,,243,,,,,7299,,0.051085226237773895,,,,
,,243,,,,,7303,,0.06217587739229202,,,,
,,243,,,,,7307,,0.049997951835393906,,,,
,,243,,,,,7311,,0.060158684849739075,,,,
,,243,,,,,7315,,0.05168793350458145,,,,
,,243,,,,,7319,,0.06651043146848679,,,,
,,243,,,,,7319,0.05506384000182152,,,,,
,,244,,,,,7323,,0.06124711409211159,,,,
,,244,,,,,7327,,0.04826247692108154,,,,
,,244,,,,,7331,,0.0666252002120018,,,,
,,244,,,,,7335,,0.053123705089092255,,,,
,,244,,,,,7339,,0.07298668473958969,,,,
,,244,,,,,7343,,0.05520714819431305,,,,
,,244,,,,,7347,,0.05770375207066536,,,,
,,244,,,,,7349,0.05575438216328621,,,,,
,,245,,,,,7351,,0.049979567527770996,,,,
,,245,,,,,7355,,0.05266858637332916,,,,
,,245,,,,,7359,,0.047427527606487274,,,,
,,245,,,,,7363,,0.058577388525009155,,,,
,,245,,,,,7367,,0.05557006597518921,,,,
,,245,,,,,7371,,0.0512370839715004,,,,
,,245,,,,,7375,,0.05556175857782364,,,,
,,245,,,,,7379,,0.052125535905361176,,,,
,,245,,,,,7379,0.05397709086537361,,,,,
,,246,,,,,7383,,0.0606781467795372,,,,
,,246,,,,,7387,,0.06263847649097443,,,,
,,246,,,,,7391,,0.04826441779732704,,,,
,,246,,,,,7395,,0.046259865164756775,,,,
,,246,,,,,7399,,0.06446339935064316,,,,
,,246,,,,,7403,,0.05173048377037048,,,,
,,246,,,,,7407,,0.04899061471223831,,,,
,,246,,,,,7409,0.05493041127920151,,,,,
,,247,,,,,7411,,0.053859397768974304,,,,
,,247,,,,,7415,,0.054518990218639374,,,,
,,247,,,,,7419,,0.04931703209877014,,,,
,,247,,,,,7423,,0.05327927693724632,,,,
,,247,,,,,7427,,0.0548831969499588,,,,
,,247,,,,,7431,,0.044011928141117096,,,,
,,247,,,,,7435,,0.05223061889410019,,,,
,,247,,,,,7439,,0.059488773345947266,,,,
,,247,,,,,7439,0.05567798763513565,,,,,
,,248,,,,,7443,,0.06408195197582245,,,,
,,248,,,,,7447,,0.055845826864242554,,,,
,,248,,,,,7451,,0.05642729997634888,,,,
,,248,,,,,7455,,0.05706404894590378,,,,
,,248,,,,,7459,,0.0583697147667408,,,,
,,248,,,,,7463,,0.055007971823215485,,,,
,,248,,,,,7467,,0.048385605216026306,,,,
,,248,,,,,7469,0.056189678609371185,,,,,
,,249,,,,,7471,,0.057517021894454956,,,,
,,249,,,,,7475,,0.0581088624894619,,,,
,,249,,,,,7479,,0.05108603835105896,,,,
,,249,,,,,7483,,0.05809947848320007,,,,
,,249,,,,,7487,,0.047424137592315674,,,,
,,249,,,,,7491,,0.04632093384861946,,,,
,,249,,,,,7495,,0.05726730823516846,,,,
,,249,,,,,7499,,0.05652832239866257,,,,
0.7006494998931885,0.7077258825302124,249,0.7072897553443909,0.702595591545105,0.7125017046928406,0.6540209650993347,7499,,,0.9675752520561218,0.7947853803634644,0.7520838379859924,0.7096438407897949
,,249,,,,,7499,0.05600711330771446,,,,,
,,250,,,,,7503,,0.0605664998292923,,,,
,,250,,,,,7507,,0.05272757261991501,,,,
,,250,,,,,7511,,0.06003914773464203,,,,
,,250,,,,,7515,,0.06137159466743469,,,,
,,250,,,,,7519,,0.06193793937563896,,,,
,,250,,,,,7523,,0.05808401107788086,,,,
,,250,,,,,7527,,0.05067279934883118,,,,
,,250,,,,,7529,0.05482281371951103,,,,,
,,251,,,,,7531,,0.057448092848062515,,,,
,,251,,,,,7535,,0.06572653353214264,,,,
,,251,,,,,7539,,0.05925140529870987,,,,
,,251,,,,,7543,,0.047959111630916595,,,,
,,251,,,,,7547,,0.057161446660757065,,,,
,,251,,,,,7551,,0.04315159469842911,,,,
,,251,,,,,7555,,0.05956999957561493,,,,
,,251,,,,,7559,,0.05550551414489746,,,,
,,251,,,,,7559,0.055243052542209625,,,,,
,,252,,,,,7563,,0.061235461384058,,,,
,,252,,,,,7567,,0.06035221740603447,,,,
,,252,,,,,7571,,0.05012267455458641,,,,
,,252,,,,,7575,,0.049858249723911285,,,,
,,252,,,,,7579,,0.0517246350646019,,,,
,,252,,,,,7583,,0.051543474197387695,,,,
,,252,,,,,7587,,0.05585961043834686,,,,
,,252,,,,,7589,0.05462312325835228,,,,,
,,253,,,,,7591,,0.050716832280159,,,,
,,253,,,,,7595,,0.05087468773126602,,,,
,,253,,,,,7599,,0.052701495587825775,,,,
,,253,,,,,7603,,0.06392503529787064,,,,
,,253,,,,,7607,,0.05783692002296448,,,,
,,253,,,,,7611,,0.05080930516123772,,,,
,,253,,,,,7615,,0.054441533982753754,,,,
,,253,,,,,7619,,0.0623563788831234,,,,
,,253,,,,,7619,0.05674044042825699,,,,,
,,254,,,,,7623,,0.05118470638990402,,,,
,,254,,,,,7627,,0.05301877111196518,,,,
,,254,,,,,7631,,0.05771610140800476,,,,
,,254,,,,,7635,,0.05563649907708168,,,,
,,254,,,,,7639,,0.051220253109931946,,,,
,,254,,,,,7643,,0.05100811645388603,,,,
,,254,,,,,7647,,0.06472142040729523,,,,
,,254,,,,,7649,0.0548274889588356,,,,,
,,255,,,,,7651,,0.052527476102113724,,,,
,,255,,,,,7655,,0.0538131520152092,,,,
,,255,,,,,7659,,0.04569315165281296,,,,
,,255,,,,,7663,,0.06525279581546783,,,,
,,255,,,,,7667,,0.05333048850297928,,,,
,,255,,,,,7671,,0.056796781718730927,,,,
,,255,,,,,7675,,0.054273821413517,,,,
,,255,,,,,7679,,0.06385934352874756,,,,
,,255,,,,,7679,0.05699481815099716,,,,,
,,256,,,,,7683,,0.05100883170962334,,,,
,,256,,,,,7687,,0.06412696838378906,,,,
,,256,,,,,7691,,0.05650782957673073,,,,
,,256,,,,,7695,,0.0527082197368145,,,,
,,256,,,,,7699,,0.05176424980163574,,,,
,,256,,,,,7703,,0.04763558879494667,,,,
,,256,,,,,7707,,0.05480005219578743,,,,
,,256,,,,,7709,0.055214542895555496,,,,,
,,257,,,,,7711,,0.06235426291823387,,,,
,,257,,,,,7715,,0.0484633632004261,,,,
,,257,,,,,7719,,0.060609668493270874,,,,
,,257,,,,,7723,,0.05374496430158615,,,,
,,257,,,,,7727,,0.06285198032855988,,,,
,,257,,,,,7731,,0.04790998250246048,,,,
,,257,,,,,7735,,0.05980287492275238,,,,
,,257,,,,,7739,,0.048879243433475494,,,,
,,257,,,,,7739,0.05593881756067276,,,,,
,,258,,,,,7743,,0.06038397550582886,,,,
,,258,,,,,7747,,0.054724063724279404,,,,
,,258,,,,,7751,,0.05312591791152954,,,,
,,258,,,,,7755,,0.05861436575651169,,,,
,,258,,,,,7759,,0.055436838418245316,,,,
,,258,,,,,7763,,0.052682310342788696,,,,
,,258,,,,,7767,,0.05282687023282051,,,,
,,258,,,,,7769,0.05366430804133415,,,,,
,,259,,,,,7771,,0.05510440468788147,,,,
,,259,,,,,7775,,0.05193231999874115,,,,
,,259,,,,,7779,,0.05304677039384842,,,,
,,259,,,,,7783,,0.05343679338693619,,,,
,,259,,,,,7787,,0.04976482689380646,,,,
,,259,,,,,7791,,0.04365551844239235,,,,
,,259,,,,,7795,,0.04767219349741936,,,,
,,259,,,,,7799,,0.0541311614215374,,,,
0.700593113899231,0.6826894879341125,259,0.7113832235336304,0.6972819566726685,0.7143998146057129,0.6548863053321838,7799,,,0.9676058292388916,0.7644079923629761,0.7429128289222717,0.6755672693252563
,,259,,,,,7799,0.053356483578681946,,,,,
,,260,,,,,7803,,0.043948229402303696,,,,
,,260,,,,,7807,,0.060718439519405365,,,,
,,260,,,,,7811,,0.051634952425956726,,,,
,,260,,,,,7815,,0.05589520186185837,,,,
,,260,,,,,7819,,0.056663405150175095,,,,
,,260,,,,,7823,,0.05202838033437729,,,,
,,260,,,,,7827,,0.050752848386764526,,,,
,,260,,,,,7829,0.05575242638587952,,,,,
,,261,,,,,7831,,0.05304567515850067,,,,
,,261,,,,,7835,,0.04809923470020294,,,,
,,261,,,,,7839,,0.05544523894786835,,,,
,,261,,,,,7843,,0.05937590077519417,,,,
,,261,,,,,7847,,0.056716665625572205,,,,
,,261,,,,,7851,,0.06034230440855026,,,,
,,261,,,,,7855,,0.055094629526138306,,,,
,,261,,,,,7859,,0.05816784128546715,,,,
,,261,,,,,7859,0.05612524598836899,,,,,
,,262,,,,,7863,,0.05455119162797928,,,,
,,262,,,,,7867,,0.051395121961832047,,,,
,,262,,,,,7871,,0.05196041613817215,,,,
,,262,,,,,7875,,0.054583217948675156,,,,
,,262,,,,,7879,,0.05029304325580597,,,,
,,262,,,,,7883,,0.059102363884449005,,,,
,,262,,,,,7887,,0.051921915262937546,,,,
,,262,,,,,7889,0.055722154676914215,,,,,
,,263,,,,,7891,,0.06188761442899704,,,,
,,263,,,,,7895,,0.061100251972675323,,,,
,,263,,,,,7899,,0.05199683457612991,,,,
,,263,,,,,7903,,0.06212368234992027,,,,
,,263,,,,,7907,,0.05780649185180664,,,,
,,263,,,,,7911,,0.05678822100162506,,,,
,,263,,,,,7915,,0.05296200513839722,,,,
,,263,,,,,7919,,0.04581693932414055,,,,
,,263,,,,,7919,0.05480337142944336,,,,,
,,264,,,,,7923,,0.05873621255159378,,,,
,,264,,,,,7927,,0.06092362850904465,,,,
,,264,,,,,7931,,0.05794458091259003,,,,
,,264,,,,,7935,,0.05604060739278793,,,,
,,264,,,,,7939,,0.04626437649130821,,,,
,,264,,,,,7943,,0.05740230530500412,,,,
,,264,,,,,7947,,0.05194477364420891,,,,
,,264,,,,,7949,0.05441080778837204,,,,,
,,265,,,,,7951,,0.050554923713207245,,,,
,,265,,,,,7955,,0.06026072800159454,,,,
,,265,,,,,7959,,0.05004654452204704,,,,
,,265,,,,,7963,,0.0573594756424427,,,,
,,265,,,,,7967,,0.050635673105716705,,,,
,,265,,,,,7971,,0.057385899126529694,,,,
,,265,,,,,7975,,0.05936639755964279,,,,
,,265,,,,,7979,,0.0466865599155426,,,,
,,265,,,,,7979,0.054770056158304214,,,,,
,,266,,,,,7983,,0.06224929168820381,,,,
,,266,,,,,7987,,0.058970898389816284,,,,
,,266,,,,,7991,,0.05018454045057297,,,,
,,266,,,,,7995,,0.04754246026277542,,,,
,,266,,,,,7999,,0.04803136736154556,,,,
,,266,,,,,8003,,0.05628050118684769,,,,
,,266,,,,,8007,,0.057276684790849686,,,,
,,266,,,,,8009,0.05519949644804001,,,,,
,,267,,,,,8011,,0.04584205150604248,,,,
,,267,,,,,8015,,0.059147756546735764,,,,
,,267,,,,,8019,,0.05430225282907486,,,,
,,267,,,,,8023,,0.04908347129821777,,,,
,,267,,,,,8027,,0.0570298433303833,,,,
,,267,,,,,8031,,0.05186660960316658,,,,
,,267,,,,,8035,,0.04483961686491966,,,,
,,267,,,,,8039,,0.05125525966286659,,,,
,,267,,,,,8039,0.05292080342769623,,,,,
,,268,,,,,8043,,0.0479934886097908,,,,
,,268,,,,,8047,,0.06585448980331421,,,,
,,268,,,,,8051,,0.05168141797184944,,,,
,,268,,,,,8055,,0.06606821715831757,,,,
,,268,,,,,8059,,0.050408363342285156,,,,
,,268,,,,,8063,,0.04555927589535713,,,,
,,268,,,,,8067,,0.05567656457424164,,,,
,,268,,,,,8069,0.05468042194843292,,,,,
,,269,,,,,8071,,0.0608832910656929,,,,
,,269,,,,,8075,,0.05470865219831467,,,,
,,269,,,,,8079,,0.04868210107088089,,,,
,,269,,,,,8083,,0.05486547574400902,,,,
,,269,,,,,8087,,0.047521043568849564,,,,
,,269,,,,,8091,,0.049157604575157166,,,,
,,269,,,,,8095,,0.04646016284823418,,,,
,,269,,,,,8099,,0.050118472427129745,,,,
0.7069706916809082,0.6643798351287842,269,0.7114480137825012,0.6927146315574646,0.7138364911079407,0.6553947925567627,8099,,,0.9675658941268921,0.7517495155334473,0.7294792532920837,0.6592792272567749
,,269,,,,,8099,0.054616231471300125,,,,,
,,270,,,,,8103,,0.05131877213716507,,,,
,,270,,,,,8107,,0.058035582304000854,,,,
,,270,,,,,8111,,0.05905069410800934,,,,
,,270,,,,,8115,,0.05183527618646622,,,,
,,270,,,,,8119,,0.05401789769530296,,,,
,,270,,,,,8123,,0.06118012219667435,,,,
,,270,,,,,8127,,0.05222408473491669,,,,
,,270,,,,,8129,0.05403738096356392,,,,,
,,271,,,,,8131,,0.0596398301422596,,,,
,,271,,,,,8135,,0.05615659058094025,,,,
,,271,,,,,8139,,0.06314147263765335,,,,
,,271,,,,,8143,,0.04808980971574783,,,,
,,271,,,,,8147,,0.04670624062418938,,,,
,,271,,,,,8151,,0.05520440638065338,,,,
,,271,,,,,8155,,0.051390789449214935,,,,
,,271,,,,,8159,,0.04836726188659668,,,,
,,271,,,,,8159,0.05516720935702324,,,,,
,,272,,,,,8163,,0.06027493625879288,,,,
,,272,,,,,8167,,0.04685225337743759,,,,
,,272,,,,,8171,,0.04807308688759804,,,,
,,272,,,,,8175,,0.05731482058763504,,,,
,,272,,,,,8179,,0.053707025945186615,,,,
,,272,,,,,8183,,0.06179041415452957,,,,
,,272,,,,,8187,,0.050532467663288116,,,,
,,272,,,,,8189,0.054659515619277954,,,,,
,,273,,,,,8191,,0.056243740022182465,,,,
,,273,,,,,8195,,0.048848919570446014,,,,
,,273,,,,,8199,,0.05683538690209389,,,,
,,273,,,,,8203,,0.05381152033805847,,,,
,,273,,,,,8207,,0.06042269989848137,,,,
,,273,,,,,8211,,0.06779693812131882,,,,
,,273,,,,,8215,,0.05401923134922981,,,,
,,273,,,,,8219,,0.057246312499046326,,,,
,,273,,,,,8219,0.055365465581417084,,,,,
,,274,,,,,8223,,0.06272096186876297,,,,
,,274,,,,,8227,,0.05874570086598396,,,,
,,274,,,,,8231,,0.056998804211616516,,,,
,,274,,,,,8235,,0.05742053687572479,,,,
,,274,,,,,8239,,0.05243464559316635,,,,
,,274,,,,,8243,,0.0512007512152195,,,,
,,274,,,,,8247,,0.05262526124715805,,,,
,,274,,,,,8249,0.05435386300086975,,,,,
,,275,,,,,8251,,0.046308811753988266,,,,
,,275,,,,,8255,,0.05132268741726875,,,,
,,275,,,,,8259,,0.046436063945293427,,,,
,,275,,,,,8263,,0.05953679233789444,,,,
,,275,,,,,8267,,0.05580335110425949,,,,
,,275,,,,,8271,,0.0630473643541336,,,,
,,275,,,,,8275,,0.0566270612180233,,,,
,,275,,,,,8279,,0.05429450049996376,,,,
,,275,,,,,8279,0.054025761783123016,,,,,
,,276,,,,,8283,,0.04855680093169212,,,,
,,276,,,,,8287,,0.0573410838842392,,,,
,,276,,,,,8291,,0.05717870593070984,,,,
,,276,,,,,8295,,0.04612226039171219,,,,
,,276,,,,,8299,,0.05346638336777687,,,,
,,276,,,,,8303,,0.04517104849219322,,,,
,,276,,,,,8307,,0.05100669711828232,,,,
,,276,,,,,8309,0.053802505135536194,,,,,
,,277,,,,,8311,,0.04507964849472046,,,,
,,277,,,,,8315,,0.05729402229189873,,,,
,,277,,,,,8319,,0.05728086456656456,,,,
,,277,,,,,8323,,0.05803469941020012,,,,
,,277,,,,,8327,,0.05479022487998009,,,,
,,277,,,,,8331,,0.048466965556144714,,,,
,,277,,,,,8335,,0.05859437212347984,,,,
,,277,,,,,8339,,0.05544278770685196,,,,
,,277,,,,,8339,0.05268201231956482,,,,,
,,278,,,,,8343,,0.04722064360976219,,,,
,,278,,,,,8347,,0.055380240082740784,,,,
,,278,,,,,8351,,0.051058344542980194,,,,
,,278,,,,,8355,,0.053794942796230316,,,,
,,278,,,,,8359,,0.06152868643403053,,,,
,,278,,,,,8363,,0.061179399490356445,,,,
,,278,,,,,8367,,0.05936111509799957,,,,
,,278,,,,,8369,0.055118460208177567,,,,,
,,279,,,,,8371,,0.051906753331422806,,,,
,,279,,,,,8375,,0.04615924507379532,,,,
,,279,,,,,8379,,0.048292066901922226,,,,
,,279,,,,,8383,,0.053722843527793884,,,,
,,279,,,,,8387,,0.04625856876373291,,,,
,,279,,,,,8391,,0.05101592838764191,,,,
,,279,,,,,8395,,0.07006250321865082,,,,
,,279,,,,,8399,,0.05545545369386673,,,,
0.6967281103134155,0.6753804683685303,279,0.7134395837783813,0.7057431936264038,0.7136855721473694,0.650059163570404,8399,,,0.9670518636703491,0.7055668234825134,0.7353470921516418,0.6095683574676514
,,279,,,,,8399,0.054361265152692795,,,,,
,,280,,,,,8403,,0.056148260831832886,,,,
,,280,,,,,8407,,0.05282577872276306,,,,
,,280,,,,,8411,,0.059031225740909576,,,,
,,280,,,,,8415,,0.054395776242017746,,,,
,,280,,,,,8419,,0.06059999763965607,,,,
,,280,,,,,8423,,0.059306833893060684,,,,
,,280,,,,,8427,,0.05099357292056084,,,,
,,280,,,,,8429,0.05418141186237335,,,,,
,,281,,,,,8431,,0.048108212649822235,,,,
,,281,,,,,8435,,0.055059053003787994,,,,
,,281,,,,,8439,,0.05750608071684837,,,,
,,281,,,,,8443,,0.05032665282487869,,,,
,,281,,,,,8447,,0.05012539401650429,,,,
,,281,,,,,8451,,0.06404318660497665,,,,
,,281,,,,,8455,,0.05434344708919525,,,,
,,281,,,,,8459,,0.05259419605135918,,,,
,,281,,,,,8459,0.054412443190813065,,,,,
,,282,,,,,8463,,0.0558941513299942,,,,
,,282,,,,,8467,,0.05247592180967331,,,,
,,282,,,,,8471,,0.05166793614625931,,,,
,,282,,,,,8475,,0.05226602405309677,,,,
,,282,,,,,8479,,0.05987926572561264,,,,
,,282,,,,,8483,,0.053633444011211395,,,,
,,282,,,,,8487,,0.054164525121450424,,,,
,,282,,,,,8489,0.05319153517484665,,,,,
,,283,,,,,8491,,0.058156952261924744,,,,
,,283,,,,,8495,,0.05405120551586151,,,,
,,283,,,,,8499,,0.05029746890068054,,,,
,,283,,,,,8503,,0.05137220025062561,,,,
,,283,,,,,8507,,0.04344799742102623,,,,
,,283,,,,,8511,,0.055163610726594925,,,,
,,283,,,,,8515,,0.0466131791472435,,,,
,,283,,,,,8519,,0.0491676963865757,,,,
,,283,,,,,8519,0.0534563809633255,,,,,
,,284,,,,,8523,,0.05061443895101547,,,,
,,284,,,,,8527,,0.05261877179145813,,,,
,,284,,,,,8531,,0.05047684907913208,,,,
,,284,,,,,8535,,0.05170888453722,,,,
,,284,,,,,8539,,0.048093851655721664,,,,
,,284,,,,,8543,,0.05289261043071747,,,,
,,284,,,,,8547,,0.05567892640829086,,,,
,,284,,,,,8549,0.053684476763010025,,,,,
,,285,,,,,8551,,0.05156205967068672,,,,
,,285,,,,,8555,,0.05056820809841156,,,,
,,285,,,,,8559,,0.0543217658996582,,,,
,,285,,,,,8563,,0.04936041682958603,,,,
,,285,,,,,8567,,0.05421428754925728,,,,
,,285,,,,,8571,,0.052494168281555176,,,,
,,285,,,,,8575,,0.05714055523276329,,,,
,,285,,,,,8579,,0.05228357017040253,,,,
,,285,,,,,8579,0.052122268825769424,,,,,
,,286,,,,,8583,,0.05366850644350052,,,,
,,286,,,,,8587,,0.0547495074570179,,,,
,,286,,,,,8591,,0.05434427410364151,,,,
,,286,,,,,8595,,0.0618380606174469,,,,
,,286,,,,,8599,,0.06530730426311493,,,,
,,286,,,,,8603,,0.05288384482264519,,,,
,,286,,,,,8607,,0.06146283447742462,,,,
,,286,,,,,8609,0.05391402542591095,,,,,
,,287,,,,,8611,,0.04715052992105484,,,,
,,287,,,,,8615,,0.05307844281196594,,,,
,,287,,,,,8619,,0.05444543808698654,,,,
,,287,,,,,8623,,0.052168555557727814,,,,
,,287,,,,,8627,,0.05211787670850754,,,,
,,287,,,,,8631,,0.05232587456703186,,,,
,,287,,,,,8635,,0.05869140475988388,,,,
,,287,,,,,8639,,0.04912813752889633,,,,
,,287,,,,,8639,0.053713954985141754,,,,,
,,288,,,,,8643,,0.062003906816244125,,,,
,,288,,,,,8647,,0.05119147151708603,,,,
,,288,,,,,8651,,0.058067429810762405,,,,
,,288,,,,,8655,,0.046184241771698,,,,
,,288,,,,,8659,,0.0673854798078537,,,,
,,288,,,,,8663,,0.04827772080898285,,,,
,,288,,,,,8667,,0.0545700341463089,,,,
,,288,,,,,8669,0.05299805477261543,,,,,
,,289,,,,,8671,,0.0448765829205513,,,,
,,289,,,,,8675,,0.0595240443944931,,,,
,,289,,,,,8679,,0.05603430047631264,,,,
,,289,,,,,8683,,0.05773584917187691,,,,
,,289,,,,,8687,,0.04857208952307701,,,,
,,289,,,,,8691,,0.053187787532806396,,,,
,,289,,,,,8695,,0.05258754640817642,,,,
,,289,,,,,8699,,0.05933157354593277,,,,
0.7029876112937927,0.6371212005615234,289,0.7123371958732605,0.6975074410438538,0.7139919400215149,0.6475971341133118,8699,,,0.9668103456497192,0.7080280780792236,0.7313108444213867,0.6098207235336304
,,289,,,,,8699,0.05484713241457939,,,,,
,,290,,,,,8703,,0.045275960117578506,,,,
,,290,,,,,8707,,0.07758595049381256,,,,
,,290,,,,,8711,,0.04887354001402855,,,,
,,290,,,,,8715,,0.04178924486041069,,,,
,,290,,,,,8719,,0.05681265890598297,,,,
,,290,,,,,8723,,0.05154729261994362,,,,
,,290,,,,,8727,,0.05187827721238136,,,,
,,290,,,,,8729,0.054357465356588364,,,,,
,,291,,,,,8731,,0.049078986048698425,,,,
,,291,,,,,8735,,0.04840913414955139,,,,
,,291,,,,,8739,,0.05030886083841324,,,,
,,291,,,,,8743,,0.04285015910863876,,,,
,,291,,,,,8747,,0.04616399109363556,,,,
,,291,,,,,8751,,0.05936664715409279,,,,
,,291,,,,,8755,,0.05971509963274002,,,,
,,291,,,,,8759,,0.05433409661054611,,,,
,,291,,,,,8759,0.05338101089000702,,,,,
,,292,,,,,8763,,0.06127804517745972,,,,
,,292,,,,,8767,,0.04962606728076935,,,,
,,292,,,,,8771,,0.048548441380262375,,,,
,,292,,,,,8775,,0.0487494170665741,,,,
,,292,,,,,8779,,0.04962997883558273,,,,
,,292,,,,,8783,,0.04952666535973549,,,,
,,292,,,,,8787,,0.04766801744699478,,,,
,,292,,,,,8789,0.05400967597961426,,,,,
,,293,,,,,8791,,0.046632856130599976,,,,
,,293,,,,,8795,,0.05689670518040657,,,,
,,293,,,,,8799,,0.04830847680568695,,,,
,,293,,,,,8803,,0.05885114148259163,,,,
,,293,,,,,8807,,0.050571851432323456,,,,
,,293,,,,,8811,,0.05385847017168999,,,,
,,293,,,,,8815,,0.057275041937828064,,,,
,,293,,,,,8819,,0.05832628905773163,,,,
,,293,,,,,8819,0.05446262285113335,,,,,
,,294,,,,,8823,,0.05138220265507698,,,,
,,294,,,,,8827,,0.050603799521923065,,,,
,,294,,,,,8831,,0.053246114403009415,,,,
,,294,,,,,8835,,0.055055245757102966,,,,
,,294,,,,,8839,,0.0482204370200634,,,,
,,294,,,,,8843,,0.06483978033065796,,,,
,,294,,,,,8847,,0.05823304131627083,,,,
,,294,,,,,8849,0.053154055029153824,,,,,
,,295,,,,,8851,,0.055571116507053375,,,,
,,295,,,,,8855,,0.053011856973171234,,,,
,,295,,,,,8859,,0.048220764845609665,,,,
,,295,,,,,8863,,0.05433644354343414,,,,
,,295,,,,,8867,,0.07072628289461136,,,,
,,295,,,,,8871,,0.05729319900274277,,,,
,,295,,,,,8875,,0.06011853367090225,,,,
,,295,,,,,8879,,0.046779073774814606,,,,
,,295,,,,,8879,0.05458588898181915,,,,,
,,296,,,,,8883,,0.05242598056793213,,,,
,,296,,,,,8887,,0.04497285187244415,,,,
,,296,,,,,8891,,0.054830484092235565,,,,
,,296,,,,,8895,,0.049142055213451385,,,,
,,296,,,,,8899,,0.05243837833404541,,,,
,,296,,,,,8903,,0.04328141361474991,,,,
,,296,,,,,8907,,0.057283930480480194,,,,
,,296,,,,,8909,0.0525510273873806,,,,,
,,297,,,,,8911,,0.06094641238451004,,,,
,,297,,,,,8915,,0.046034082770347595,,,,
,,297,,,,,8919,,0.055631767958402634,,,,
,,297,,,,,8923,,0.051054343581199646,,,,
,,297,,,,,8927,,0.05919390171766281,,,,
,,297,,,,,8931,,0.05693142116069794,,,,
,,297,,,,,8935,,0.057246048003435135,,,,
,,297,,,,,8939,,0.05945558100938797,,,,
,,297,,,,,8939,0.052374545484781265,,,,,
,,298,,,,,8943,,0.057204440236091614,,,,
,,298,,,,,8947,,0.05433299392461777,,,,
,,298,,,,,8951,,0.05311282351613045,,,,
,,298,,,,,8955,,0.0755554586648941,,,,
,,298,,,,,8959,,0.05910372734069824,,,,
,,298,,,,,8963,,0.05524861440062523,,,,
,,298,,,,,8967,,0.04425334185361862,,,,
,,298,,,,,8969,0.055905040353536606,,,,,
,,299,,,,,8971,,0.056219857186079025,,,,
,,299,,,,,8975,,0.06049153953790665,,,,
,,299,,,,,8979,,0.053102973848581314,,,,
,,299,,,,,8983,,0.04752793163061142,,,,
,,299,,,,,8987,,0.05059434473514557,,,,
,,299,,,,,8991,,0.0482105016708374,,,,
,,299,,,,,8995,,0.07021187245845795,,,,
,,299,,,,,8999,,0.041073184460401535,,,,
0.6879760026931763,0.5664932131767273,299,0.7079165577888489,0.659003734588623,0.7142916917800903,0.6289411187171936,8999,,,0.9669878482818604,0.6219001412391663,0.7089589238166809,0.5589284896850586
,,299,,,,,8999,0.05490224063396454,,,,,
